P1:collapse:first_layer_l2,P1:collapse:hard_assignment_abs_pcc_balanced,P1:collapse:integrated_gradients,P1:collapse:legacy_msipl,P1:collapse:mean_intensity,P1:collapse:morans_i,P1:collapse:oracle,P1:collapse:posterior_abs_pcc_balanced,P1:collapse:posterior_abs_pcc_max,P1:collapse:posterior_signed_pcc_balanced,P1:collapse:random,P1:collapse:variance,P1:first_layer_l2,P1:hard_assignment_abs_pcc_balanced,P1:integrated_gradients,P1:mean_intensity,P1:morans_i,P1:oracle,P1:posterior_abs_pcc_balanced,P1:posterior_abs_pcc_max,P1:posterior_signed_pcc_balanced,P1:variance,P3:collapse:first_layer_l2,P3:collapse:hard_assignment_abs_pcc_balanced,P3:collapse:integrated_gradients,P3:collapse:legacy_msipl,P3:collapse:mean_intensity,P3:collapse:morans_i,P3:collapse:oracle,P3:collapse:posterior_abs_pcc_balanced,P3:collapse:posterior_abs_pcc_max,P3:collapse:posterior_signed_pcc_balanced,P3:collapse:random,P3:collapse:variance,P3:first_layer_l2,P3:hard_assignment_abs_pcc_balanced,P3:integrated_gradients,P3:mean_intensity,P3:morans_i,P3:oracle,P3:posterior_abs_pcc_balanced,P3:posterior_abs_pcc_max,P3:posterior_signed_pcc_balanced,P3:variance,arm,bin:first_layer_l2,bin:hard_assignment_abs_pcc_balanced,bin:integrated_gradients,bin:legacy_msipl,bin:mean_intensity,bin:morans_i,bin:oracle,bin:posterior_abs_pcc_balanced,bin:posterior_abs_pcc_max,bin:posterior_signed_pcc_balanced,bin:random_mean,bin:variance,collection,ig_above_posterior_all_budgets,patient,section
0.0223511422917791,0.5251981443556355,0.4804958597720773,0.3575867998390728,0.5225243475641916,0.5123974444259555,0.5265350427513574,0.5251981443556355,0.5265350427513574,0.43026053794087005,,0.5020865644442715,0.01744380570003346,0.5582247116876189,0.48985542850859026,0.5709095205673361,0.588131637502018,0.6620312072269368,0.5543086001202617,0.6011662349877516,0.48858519282828067,0.5423175191447844,0.0223511422917791,0.5251981443556355,0.4804958597720773,0.3575867998390728,0.5225243475641916,0.5123974444259555,0.5265350427513574,0.5251981443556355,0.5265350427513574,0.43026053794087005,,0.5020865644442715,0.01744380570003346,0.5582247116876189,0.48985542850859026,0.5709095205673361,0.588131637502018,0.6620312072269368,0.5543086001202617,0.6011662349877516,0.48858519282828067,0.5423175191447844,central_only,0.0223511422917791,0.5251981443556355,0.4804958597720773,0.3575867998390728,0.5225243475641916,0.5123974444259555,0.5265350427513574,0.5251981443556355,0.5265350427513574,0.43026053794087005,0.07728437136522805,0.5020865644442715,CAC,False,160TopL,160TopL
0.001336898395721925,0.5223321939721459,0.48298246519676946,0.3575867998390728,0.5225243475641916,0.5123974444259555,0.5265350427513574,0.5223321939721459,0.5265350427513574,0.4401952874870605,,0.5020865644442715,0.0,0.558582104393766,0.5144613606425816,0.5709095205673361,0.588131637502018,0.6620312072269368,0.558582104393766,0.6080409264367655,0.5170414903100367,0.5423175191447844,0.001336898395721925,0.5223321939721459,0.48298246519676946,0.3575867998390728,0.5225243475641916,0.5123974444259555,0.5265350427513574,0.5223321939721459,0.5265350427513574,0.4401952874870605,,0.5020865644442715,0.0,0.558582104393766,0.5144613606425816,0.5709095205673361,0.588131637502018,0.6620312072269368,0.558582104393766,0.6080409264367655,0.5170414903100367,0.5423175191447844,uniform_mean,0.001336898395721925,0.5223321939721459,0.48298246519676946,0.3575867998390728,0.5225243475641916,0.5123974444259555,0.5265350427513574,0.5223321939721459,0.5265350427513574,0.4401952874870605,0.07728437136522805,0.5020865644442715,CAC,False,160TopL,160TopL
0.04125101555391331,0.677180478533677,0.622879620227898,0.426353031574464,0.674596198407024,0.6735485172745971,0.6820230935457835,0.677180478533677,0.6820230935457835,0.6309195360862939,,0.6582058091352788,0.03821165923943177,0.7252835362886374,0.6440122129901085,0.6923216087395192,0.7418464462673796,0.8042754273247378,0.7252835362886374,0.7646073870710182,0.6665035229271011,0.6878439967992207,0.04125101555391331,0.677180478533677,0.622879620227898,0.426353031574464,0.674596198407024,0.6735485172745971,0.6820230935457835,0.677180478533677,0.6820230935457835,0.6309195360862939,,0.6582058091352788,0.03821165923943177,0.7252835362886374,0.6440122129901085,0.6923216087395192,0.7418464462673796,0.8042754273247378,0.7252835362886374,0.7646073870710182,0.6665035229271011,0.6878439967992207,central_only,0.04125101555391331,0.677180478533677,0.622879620227898,0.426353031574464,0.674596198407024,0.6735485172745971,0.6820230935457835,0.677180478533677,0.6820230935457835,0.6309195360862939,0.10355413227802511,0.6582058091352788,CAC,False,200TopL,200TopL
0.013348751060615466,0.677180478533677,0.6331344783641121,0.426353031574464,0.674596198407024,0.6735485172745971,0.6820230935457835,0.677180478533677,0.6820230935457835,0.6360880963395998,,0.6582058091352788,0.011576357391585052,0.7331215921807268,0.6424025090093483,0.6923216087395192,0.7418464462673796,0.8042754273247378,0.7277710984776921,0.7663556388192699,0.6692467995509749,0.6878439967992207,0.013348751060615466,0.677180478533677,0.6331344783641121,0.426353031574464,0.674596198407024,0.6735485172745971,0.6820230935457835,0.677180478533677,0.6820230935457835,0.6360880963395998,,0.6582058091352788,0.011576357391585052,0.7331215921807268,0.6424025090093483,0.6923216087395192,0.7418464462673796,0.8042754273247378,0.7277710984776921,0.7663556388192699,0.6692467995509749,0.6878439967992207,uniform_mean,0.013348751060615466,0.677180478533677,0.6331344783641121,0.426353031574464,0.674596198407024,0.6735485172745971,0.6820230935457835,0.677180478533677,0.6820230935457835,0.6360880963395998,0.10355413227802511,0.6582058091352788,CAC,False,200TopL,200TopL
0.02226970676057729,0.6902466215303896,0.5664243042019446,0.39821430036614663,0.6778056828992071,0.6773864167197204,0.7153146135969922,0.6937023249568398,0.710253884852053,0.6219540521834823,,0.6529163047883083,0.024877050426229737,0.6815516472987788,0.5416584791513495,0.6871431335551004,0.6877465708507862,0.792408495918703,0.6831490913882359,0.7508041031419688,0.6329760248541378,0.6415358831532667,0.02226970676057729,0.6902466215303896,0.5664243042019446,0.39821430036614663,0.6778056828992071,0.6773864167197204,0.7153146135969922,0.6937023249568398,0.710253884852053,0.6219540521834823,,0.6529163047883083,0.024877050426229737,0.6815516472987788,0.5416584791513495,0.6871431335551004,0.6877465708507862,0.792408495918703,0.6831490913882359,0.7508041031419688,0.6329760248541378,0.6415358831532667,central_only,0.02226970676057729,0.6902466215303896,0.5664243042019446,0.39821430036614663,0.6778056828992071,0.6773864167197204,0.7153146135969922,0.6937023249568398,0.710253884852053,0.6219540521834823,0.12585943203337535,0.6529163047883083,CAC,False,240TopL,240TopL
0.004167658966420577,0.6525540763112118,0.6084235866207681,0.39821430036614663,0.6778056828992071,0.6773864167197204,0.7153146135969922,0.6472551956253342,0.7070983716346203,0.5184201435097472,,0.6529163047883083,0.003684316236097512,0.6374229218908509,0.6176803165110715,0.6871431335551004,0.6877465708507862,0.792408495918703,0.6333148704854843,0.7460434342038844,0.515118291747748,0.6415358831532667,0.004167658966420577,0.6525540763112118,0.6084235866207681,0.39821430036614663,0.6778056828992071,0.6773864167197204,0.7153146135969922,0.6472551956253342,0.7070983716346203,0.5184201435097472,,0.6529163047883083,0.003684316236097512,0.6374229218908509,0.6176803165110715,0.6871431335551004,0.6877465708507862,0.792408495918703,0.6333148704854843,0.7460434342038844,0.515118291747748,0.6415358831532667,uniform_mean,0.004167658966420577,0.6525540763112118,0.6084235866207681,0.39821430036614663,0.6778056828992071,0.6773864167197204,0.7153146135969922,0.6472551956253342,0.7070983716346203,0.5184201435097472,0.12585943203337535,0.6529163047883083,CAC,False,240TopL,240TopL
0.01285983319881625,0.4034334150770055,0.3755372019826544,0.3193711644976863,0.41516330477299684,0.38694806228227097,0.4377083679960262,0.4034334150770055,0.4179612601133251,0.43286575298391966,,0.4264358363845115,0.0,0.3678135841492561,0.3158168221417007,0.4600697710276771,0.38634299591396193,0.7259579060982192,0.3678135841492561,0.49243003623467735,0.45131023051422403,0.43597949271451697,0.01285983319881625,0.4034334150770055,0.3755372019826544,0.3193711644976863,0.41516330477299684,0.38694806228227097,0.4377083679960262,0.4034334150770055,0.4179612601133251,0.43286575298391966,,0.4264358363845115,0.0,0.3678135841492561,0.3158168221417007,0.4600697710276771,0.38634299591396193,0.7259579060982192,0.3678135841492561,0.49243003623467735,0.45131023051422403,0.43597949271451697,central_only,0.01285983319881625,0.4034334150770055,0.3755372019826544,0.3193711644976863,0.41516330477299684,0.38694806228227097,0.4377083679960262,0.4034334150770055,0.4179612601133251,0.43286575298391966,0.07662004349328294,0.4264358363845115,CAC,False,280TopL,280TopL
0.0,0.397837504396349,0.38718638142844397,0.3193711644976863,0.41516330477299684,0.38694806228227097,0.4377083679960262,0.397837504396349,0.4167506063602984,0.4230879714169282,,0.4264358363845115,0.0,0.3145489939094904,0.37219798010947497,0.4600697710276771,0.38634299591396193,0.7259579060982192,0.3145489939094904,0.4739426412766941,0.44710854984195514,0.43597949271451697,0.0,0.397837504396349,0.38718638142844397,0.3193711644976863,0.41516330477299684,0.38694806228227097,0.4377083679960262,0.397837504396349,0.4167506063602984,0.4230879714169282,,0.4264358363845115,0.0,0.3145489939094904,0.37219798010947497,0.4600697710276771,0.38634299591396193,0.7259579060982192,0.3145489939094904,0.4739426412766941,0.44710854984195514,0.43597949271451697,uniform_mean,0.0,0.397837504396349,0.38718638142844397,0.3193711644976863,0.41516330477299684,0.38694806228227097,0.4377083679960262,0.397837504396349,0.4167506063602984,0.4230879714169282,0.07662004349328294,0.4264358363845115,CAC,False,280TopL,280TopL
0.0075649886021183,0.602316842834768,0.49517548701638775,0.40149848545154737,0.6335285997478952,0.5847925203385913,0.6778375011722797,0.6012597603823367,0.6047618306098291,0.4966817301612478,,0.6032758747052686,0.005154639175257732,0.5860627645237714,0.47377261249671165,0.6769623745502814,0.6066751153740519,0.7832394955408174,0.5860627645237714,0.6008696135460645,0.5123561926084221,0.6277578879685545,0.0075649886021183,0.602316842834768,0.49517548701638775,0.40149848545154737,0.6335285997478952,0.5847925203385913,0.6778375011722797,0.6012597603823367,0.6047618306098291,0.4966817301612478,,0.6032758747052686,0.005154639175257732,0.5860627645237714,0.47377261249671165,0.6769623745502814,0.6066751153740519,0.7832394955408174,0.5860627645237714,0.6008696135460645,0.5123561926084221,0.6277578879685545,central_only,0.0075649886021183,0.602316842834768,0.49517548701638775,0.40149848545154737,0.6335285997478952,0.5847925203385913,0.6778375011722797,0.6012597603823367,0.6047618306098291,0.4966817301612478,0.1166004170381396,0.6032758747052686,CAC,False,360TopL,360TopL
0.0,0.5949005472977014,0.5648029228270539,0.40149848545154737,0.6335285997478952,0.5847925203385913,0.6778375011722797,0.5949005472977014,0.6094863947248521,0.49800573200564746,,0.6032758747052686,0.0,0.5857191819474844,0.5638752493401616,0.6769623745502814,0.6066751153740519,0.7832394955408174,0.5838323894946542,0.6227672622079348,0.5044127102271005,0.6277578879685545,0.0,0.5949005472977014,0.5648029228270539,0.40149848545154737,0.6335285997478952,0.5847925203385913,0.6778375011722797,0.5949005472977014,0.6094863947248521,0.49800573200564746,,0.6032758747052686,0.0,0.5857191819474844,0.5638752493401616,0.6769623745502814,0.6066751153740519,0.7832394955408174,0.5838323894946542,0.6227672622079348,0.5044127102271005,0.6277578879685545,uniform_mean,0.0,0.5949005472977014,0.5648029228270539,0.40149848545154737,0.6335285997478952,0.5847925203385913,0.6778375011722797,0.5949005472977014,0.6094863947248521,0.49800573200564746,0.1166004170381396,0.6032758747052686,CAC,False,360TopL,360TopL
0.0018867924528301887,0.487251928808771,0.36182145393599446,0.32568790925416213,0.49126479804107104,0.523915736698994,0.6077493559099717,0.487251928808771,0.5397819459614297,0.4237759567458084,,0.45749893657011215,0.00228310502283105,0.45434568024006905,0.29287463133769975,0.4961107566059957,0.543876637744574,0.668513177921974,0.45434568024006905,0.5759651977263791,0.4286270707472507,0.4288991188936494,0.0018867924528301887,0.487251928808771,0.36182145393599446,0.32568790925416213,0.49126479804107104,0.523915736698994,0.6077493559099717,0.487251928808771,0.5397819459614297,0.4237759567458084,,0.45749893657011215,0.00228310502283105,0.45434568024006905,0.29287463133769975,0.4961107566059957,0.543876637744574,0.668513177921974,0.45434568024006905,0.5759651977263791,0.4286270707472507,0.4288991188936494,central_only,0.0018867924528301887,0.487251928808771,0.36182145393599446,0.32568790925416213,0.49126479804107104,0.523915736698994,0.6077493559099717,0.487251928808771,0.5397819459614297,0.4237759567458084,0.058767785474216475,0.45749893657011215,CAC,False,400TopL,400TopL
0.0,0.47844318569115685,0.3983497463461799,0.32568790925416213,0.49126479804107104,0.523915736698994,0.6077493559099717,0.47844318569115685,0.533349698963145,0.41685400608102446,,0.45749893657011215,0.0,0.44119114639588,0.3668765152791705,0.4961107566059957,0.543876637744574,0.668513177921974,0.4448948500995837,0.5624321260822766,0.42492336704354705,0.4288991188936494,0.0,0.47844318569115685,0.3983497463461799,0.32568790925416213,0.49126479804107104,0.523915736698994,0.6077493559099717,0.47844318569115685,0.533349698963145,0.41685400608102446,,0.45749893657011215,0.0,0.44119114639588,0.3668765152791705,0.4961107566059957,0.543876637744574,0.668513177921974,0.4448948500995837,0.5624321260822766,0.42492336704354705,0.4288991188936494,uniform_mean,0.0,0.47844318569115685,0.3983497463461799,0.32568790925416213,0.49126479804107104,0.523915736698994,0.6077493559099717,0.47844318569115685,0.533349698963145,0.41685400608102446,0.058767785474216475,0.45749893657011215,CAC,False,400TopL,400TopL
0.030417044708341764,0.7272305097268011,0.6804372163847988,0.47770960267644963,0.7287296793323778,0.7311313760137667,0.7556925563986588,0.7272305097268011,0.7491566086862406,0.5134352823408674,,0.713886886904353,0.032177404196528744,0.7280182768115212,0.6807753053024532,0.7592335934816608,0.7789854407338472,0.8302162843668457,0.7270854409906257,0.7909662899811265,0.5163346356905613,0.741125153879478,0.030417044708341764,0.7272305097268011,0.6804372163847988,0.47770960267644963,0.7287296793323778,0.7311313760137667,0.7556925563986588,0.7272305097268011,0.7491566086862406,0.5134352823408674,,0.713886886904353,0.032177404196528744,0.7280182768115212,0.6807753053024532,0.7592335934816608,0.7789854407338472,0.8302162843668457,0.7270854409906257,0.7909662899811265,0.5163346356905613,0.741125153879478,central_only,0.030417044708341764,0.7272305097268011,0.6804372163847988,0.47770960267644963,0.7287296793323778,0.7311313760137667,0.7556925563986588,0.7272305097268011,0.7491566086862406,0.5134352823408674,0.16411835347796516,0.713886886904353,CAC,False,40TopL,40TopL
0.005513729876409622,0.7449861077542191,0.6826527840061475,0.47770960267644963,0.7287296793323778,0.7311313760137667,0.7556925563986588,0.7449861077542191,0.7491566086862406,0.6915411770520925,,0.713886886904353,0.006420776038188183,0.758446774085128,0.7158071141346897,0.7592335934816608,0.7789854407338472,0.8302162843668457,0.7572152469915319,0.8031381468068153,0.7038146400144836,0.741125153879478,0.005513729876409622,0.7449861077542191,0.6826527840061475,0.47770960267644963,0.7287296793323778,0.7311313760137667,0.7556925563986588,0.7449861077542191,0.7491566086862406,0.6915411770520925,,0.713886886904353,0.006420776038188183,0.758446774085128,0.7158071141346897,0.7592335934816608,0.7789854407338472,0.8302162843668457,0.7572152469915319,0.8031381468068153,0.7038146400144836,0.741125153879478,uniform_mean,0.005513729876409622,0.7449861077542191,0.6826527840061475,0.47770960267644963,0.7287296793323778,0.7311313760137667,0.7556925563986588,0.7449861077542191,0.7491566086862406,0.6915411770520925,0.16411835347796516,0.713886886904353,CAC,False,40TopL,40TopL
0.052047354016836724,0.7382436127669227,0.645146483647761,0.5124106607211478,0.7553856703084647,0.7504638735331647,0.8271751470592819,0.7360552775244638,0.7751610195296903,0.6999223878779804,,0.7313357364926565,0.04699006935194392,0.7257965727830585,0.6464297508234682,0.7559693856469222,0.7443010657853184,0.8604815338734083,0.7257965727830585,0.7795750339265636,0.6891030365234396,0.7312486385782972,0.052047354016836724,0.7382436127669227,0.645146483647761,0.5124106607211478,0.7553856703084647,0.7504638735331647,0.8271751470592819,0.7360552775244638,0.7751610195296903,0.6999223878779804,,0.7313357364926565,0.04699006935194392,0.7257965727830585,0.6464297508234682,0.7559693856469222,0.7443010657853184,0.8604815338734083,0.7257965727830585,0.7795750339265636,0.6891030365234396,0.7312486385782972,central_only,0.052047354016836724,0.7382436127669227,0.645146483647761,0.5124106607211478,0.7553856703084647,0.7504638735331647,0.8271751470592819,0.7360552775244638,0.7751610195296903,0.6999223878779804,0.1384314831166681,0.7313357364926565,CAC,False,520TopL,520TopL
0.038937459306837105,0.7903528866545471,0.7186862916267168,0.5124106607211478,0.7553856703084647,0.7504638735331647,0.8271751470592819,0.7903528866545471,0.8088904964292702,0.5744535199221131,,0.7313357364926565,0.02441548387363554,0.7914900449640913,0.7016344833838007,0.7559693856469222,0.7443010657853184,0.8604815338734083,0.7891362922047093,0.827609017317117,0.5792390321068805,0.7312486385782972,0.038937459306837105,0.7903528866545471,0.7186862916267168,0.5124106607211478,0.7553856703084647,0.7504638735331647,0.8271751470592819,0.7903528866545471,0.8088904964292702,0.5744535199221131,,0.7313357364926565,0.02441548387363554,0.7914900449640913,0.7016344833838007,0.7559693856469222,0.7443010657853184,0.8604815338734083,0.7891362922047093,0.827609017317117,0.5792390321068805,0.7312486385782972,uniform_mean,0.038937459306837105,0.7903528866545471,0.7186862916267168,0.5124106607211478,0.7553856703084647,0.7504638735331647,0.8271751470592819,0.7903528866545471,0.8088904964292702,0.5744535199221131,0.1384314831166681,0.7313357364926565,CAC,False,520TopL,520TopL
0.2134987688411551,0.8235594897836352,0.6950499157175163,0.6160573489419262,0.6396368540428021,0.7061816556436643,0.8246172003657833,0.8232552885564235,0.8232552885564235,0.8169385758972416,,0.6094705725953975,0.2099556182147355,0.8256103860251206,0.6942471285295638,0.640342862220205,0.7050276508027387,0.8256103860251206,0.8256103860251206,0.8256103860251206,0.8188790738798094,0.614444371895114,,,,,,,,,,,,,,,,,,,,,,,central_only,0.14645434493005915,0.8181749848417101,0.6537179842382652,0.547761301493713,0.6028477021624488,0.6717796169244937,0.8205724275694672,0.8181749848417101,0.8181749848417101,0.8120481867596643,0.009762386787004309,0.5671634268432257,GBM,False,108,GBM108_negative
0.18095621806236709,0.8229190410782796,0.6916934604925146,0.6160573489419262,0.6396368540428021,0.7061816556436643,0.8246172003657833,0.8229190410782796,0.8229190410782796,0.8172392811085389,,0.6094705725953975,0.17495991456260088,0.8252688559704758,0.693317102130681,0.640342862220205,0.7050276508027387,0.8256103860251206,0.8252688559704758,0.8252688559704758,0.8192206039344543,0.614444371895114,,,,,,,,,,,,,,,,,,,,,,,uniform_mean,0.10307352527611166,0.8179086023164037,0.6587761178077036,0.547761301493713,0.6028477021624488,0.6717796169244937,0.8205724275694672,0.8179086023164037,0.8179086023164037,0.8120481867596643,0.009762386787004309,0.5671634268432257,GBM,False,108,GBM108_negative
0.164776786383175,0.690296907501293,0.5330135243793759,0.4577480725295061,0.4755085747477053,0.6082559704120298,0.7204373685842181,0.6895247064763925,0.6895247064763925,0.6947933074946753,,0.4895316415425743,0.1658961929315921,0.6960268542488891,0.5339984652387689,0.47303421669572354,0.6138079779671436,0.7215511251855685,0.6944893903322259,0.6944893903322259,0.6981059520985431,0.4906305917759122,,,,,,,,,,,,,,,,,,,,,,,central_only,0.09999312983863418,0.6931658172644073,0.508112512098764,0.40997232204746964,0.44964988049591936,0.5897429580461191,0.7244577802849739,0.6917645600006568,0.6917645600006568,0.6958542043745093,0.005743171557946673,0.4653453008353132,GBM,False,108,GBM108_positive
0.12894227088115023,0.7048041198696102,0.5537755217348893,0.4577480725295061,0.4755085747477053,0.6082559704120298,0.7204373685842181,0.7041260504086784,0.7041260504086784,0.7037218687873592,,0.4895316415425743,0.12558460166825486,0.706446187558504,0.5510793433842999,0.47303421669572354,0.6138079779671436,0.7215511251855685,0.7042162028662174,0.7042162028662174,0.7045068222822021,0.4906305917759122,,,,,,,,,,,,,,,,,,,,,,,uniform_mean,0.07279133888668521,0.7057758612330098,0.5325189253887025,0.40997232204746964,0.44964988049591936,0.5897429580461191,0.7244577802849739,0.7049174921342973,0.7049174921342973,0.7049174921342973,0.005743171557946673,0.4653453008353132,GBM,False,108,GBM108_positive
0.252965497587092,0.3698483251901301,0.32197718774804096,0.29730041847820493,0.319605314987804,0.5337539224180317,0.7416492262106362,0.41134758835632795,0.41134758835632795,0.36163468452573855,,0.3449320929132093,0.2569816289222719,0.36427955459644024,0.321328319876285,0.32145183423652024,0.5417020397698047,0.7420341052960417,0.4108883998949706,0.4108883998949706,0.35969754320492325,0.3402247407786953,,,,,,,,,,,,,,,,,,,,,,,central_only,0.26445877597720996,0.35411240989745446,0.29076158270149227,0.2446683586698211,0.2830962673733207,0.5605470303226258,0.7670931325627013,0.4058933316115436,0.4058933316115436,0.34438065303517745,0.007223415858390218,0.3096914968379448,GBM,False,12,GBM12_1
0.32106654015845365,0.626470466031195,0.3089855174265492,0.29730041847820493,0.319605314987804,0.5337539224180317,0.7416492262106362,0.6233636628663232,0.6233636628663232,0.6291351613179579,,0.3449320929132093,0.3244200165438976,0.6245197777879398,0.3086034798397549,0.32145183423652024,0.5417020397698047,0.7420341052960417,0.616559827173961,0.616559827173961,0.6323200823289169,0.3402247407786953,,,,,,,,,,,,,,,,,,,,,,,uniform_mean,0.340729358892326,0.6361542405365842,0.2786073205033823,0.2446683586698211,0.2830962673733207,0.5605470303226258,0.7670931325627013,0.6290601930446229,0.6290601930446229,0.6386651396363334,0.007223415858390218,0.3096914968379448,GBM,False,12,GBM12_1
0.21608743288066729,0.8300857272508599,0.6037982663027355,0.5539972925763126,0.5758165241101588,0.7558514543731731,0.8342719525320645,0.8300501708329385,0.8300501708329385,0.8153393569989638,,0.5865803243851935,0.22122562103357063,0.834051876730161,0.6026714104410221,0.5688590065234955,0.7568002942566923,0.8364994291777135,0.834051876730161,0.834051876730161,0.8215207311978301,0.5819227148789802,,,,,,,,,,,,,,,,,,,,,,,central_only,0.17296557356408537,0.8244564241814323,0.5693455690624891,0.47753308975405384,0.5389371071189253,0.7412303724985705,0.8303028908819916,0.8244564241814323,0.8244564241814323,0.8059002472622661,0.010331590071965355,0.5477317499721253,GBM,False,12,GBM12_2
0.22836892678714882,0.8296368155283409,0.6200298654943618,0.5539972925763126,0.5758165241101588,0.7558514543731731,0.8342719525320645,0.8296724573474902,0.8296724573474902,0.8153393569989638,,0.5865803243851935,0.22913305407651838,0.8337022263805106,0.6198478708062085,0.5688590065234955,0.7568002942566923,0.8364994291777135,0.834051876730161,0.834051876730161,0.8215207311978301,0.5819227148789802,,,,,,,,,,,,,,,,,,,,,,,uniform_mean,0.17195981794817125,0.8234396473639438,0.5953380982902173,0.47753308975405384,0.5389371071189253,0.7412303724985705,0.8303028908819916,0.8234396473639438,0.8234396473639438,0.8059002472622661,0.010331590071965355,0.5477317499721253,GBM,False,12,GBM12_2
0.2561258282434242,0.8020783508981912,0.5507150713741598,0.44067815697948903,0.49676787608830814,0.7103034969357581,0.8139133175344546,0.8016904533031564,0.8016904533031564,0.7940347796525923,,0.526360790403339,0.2593185588108125,0.8049064874756838,0.538144461749729,0.4977591949855448,0.7143380101451541,0.8139157909389676,0.8045121657091223,0.8045121657091223,0.7958971840124001,0.5226714588811129,,,,,,,,,,,,,,,,,,,,,,,central_only,0.22988506501805422,0.8044066545457871,0.5197817755841339,0.3807384391664672,0.47352867783378144,0.7095382608787666,0.8195402534323106,0.8044066545457871,0.8044066545457871,0.7943355928838021,0.008719276141169817,0.49327412433525664,GBM,False,22,GBM22_1
0.31500396000498476,0.8036299412783309,0.5646644629751207,0.44067815697948903,0.49676787608830814,0.7103034969357581,0.8139133175344546,0.8040178388733658,0.8040178388733658,0.7948659428879951,,0.526360790403339,0.3122352742703832,0.8068780963084914,0.5549941819496864,0.4977591949855448,0.7143380101451541,0.8139157909389676,0.8072724180750529,0.8072724180750529,0.7971658694845817,0.5226714588811129,,,,,,,,,,,,,,,,,,,,,,,uniform_mean,0.2783179938036614,0.8070868213117193,0.5377242641450929,0.3807384391664672,0.47352867783378144,0.7095382608787666,0.8195402534323106,0.8073846176190449,0.8073846176190449,0.7951749690186876,0.008719276141169817,0.49327412433525664,GBM,False,22,GBM22_1
0.22646784868580722,0.8337563110930667,0.642019623745631,0.54114645601235,0.6031381957689825,0.719461889950408,0.8388400128817476,0.8337563110930667,0.8337563110930667,0.8098587009405902,,0.6258456835537021,0.23884815944267568,0.8394612643869895,0.643801301484996,0.5974412307359236,0.7208057820650177,0.8425924690015015,0.8394612643869895,0.8394612643869895,0.8157309824703409,0.6168755666689791,,,,,,,,,,,,,,,,,,,,,,,central_only,0.18298929705294278,0.8222154747599912,0.6113759864645252,0.4691431120996832,0.5871779517274599,0.6998939554451926,0.8312752201076894,0.8222154747599912,0.8222154747599912,0.7951125732319085,0.010834741241482006,0.6039070063048452,GBM,False,22,GBM22_2
0.21793250149974028,0.7047015375867713,0.5665575278862752,0.54114645601235,0.6031381957689825,0.719461889950408,0.8388400128817476,0.7019509974750268,0.7019509974750268,0.7078712420479166,,0.6258456835537021,0.21500393434244558,0.7004281068503528,0.553758887530899,0.5974412307359236,0.7208057820650177,0.8425924690015015,0.6989880070524505,0.6989880070524505,0.7110161065967184,0.6168755666689791,,,,,,,,,,,,,,,,,,,,,,,uniform_mean,0.1684151709133742,0.6779410335166676,0.5265884298947764,0.4691431120996832,0.5871779517274599,0.6998939554451926,0.8312752201076894,0.6758233526829466,0.6758233526829466,0.6818096510677913,0.010834741241482006,0.6039070063048452,GBM,False,22,GBM22_2
0.38064497343550474,0.7378572523923931,0.44591296445777145,0.36447712059854276,0.42131301209159516,0.7188756651625883,0.8068042293056086,0.7371272773742262,0.7371272773742262,0.7218039536460719,,0.4628748442677573,0.3972226786246664,0.7480537288945646,0.44421482498598297,0.4132293082669204,0.7272303474834864,0.8066382198686791,0.7471594612572888,0.7471594612572888,0.7279852992425917,0.4570955373386595,,,,,,,,,,,,,,,,,,,,,,,central_only,0.33872123637012846,0.7473500109745942,0.42075940029495085,0.31481319333136376,0.3852701978479204,0.7178846830021053,0.8214954868631063,0.7456128312682849,0.7456128312682849,0.7259093823915311,0.007647203289716713,0.4286930970300119,GBM,False,39,GBM39_1
0.35198245181754495,0.7295119095409582,0.4570783278434532,0.36447712059854276,0.42131301209159516,0.7188756651625883,0.8068042293056086,0.7293400542387601,0.7293400542387601,0.7232755644416206,,0.4628748442677573,0.37227702087970477,0.739858515457953,0.4539249271174448,0.4132293082669204,0.7272303474834864,0.8066382198686791,0.7374191013366085,0.7374191013366085,0.7229505107110467,0.4570955373386595,,,,,,,,,,,,,,,,,,,,,,,uniform_mean,0.32183609394370083,0.7391863034955698,0.42911931406681914,0.31481319333136376,0.3852701978479204,0.7178846830021053,0.8214954868631063,0.7367509181373567,0.7367509181373567,0.7248788809658991,0.007647203289716713,0.4286930970300119,GBM,False,39,GBM39_1
0.30781871794740145,0.829649767515756,0.6029778298380186,0.5309695483171987,0.5694111299429867,0.7871387012864148,0.8494452450567479,0.8304072458275799,0.8304072458275799,0.8288671162808495,,0.5915683265090429,0.31433318141664374,0.833703162765833,0.6012902478129497,0.5636515982468127,0.7949382113461526,0.8504986720142138,0.833703162765833,0.833703162765833,0.8314370019260083,0.5904100219771192,,,,,,,,,,,,,,,,,,,,,,,central_only,0.2605415226567787,0.8296093723078272,0.5683505464681188,0.46866927385638385,0.5446085204144475,0.7812120061249048,0.8539808780648308,0.8301952000932512,0.8301952000932512,0.8235886506667168,0.009703155827440989,0.5620101665954519,GBM,False,39,GBM39_2
0.34433079519521415,0.7737535247481495,0.5642274117812854,0.5309695483171987,0.5694111299429867,0.7871387012864148,0.8494452450567479,0.7720868303453756,0.7720868303453756,0.7657581060731005,,0.5915683265090429,0.35121494265053615,0.7728640048007369,0.5543561026171858,0.5636515982468127,0.7949382113461526,0.8504986720142138,0.7728640048007369,0.7728640048007369,0.7671719396443294,0.5904100219771192,,,,,,,,,,,,,,,,,,,,,,,uniform_mean,0.2972945914294148,0.7624572529272067,0.5300361391427059,0.46866927385638385,0.5446085204144475,0.7812120061249048,0.8539808780648308,0.7594477316824486,0.7594477316824486,0.7530059644948297,0.009703155827440989,0.5620101665954519,GBM,False,39,GBM39_2
