change,bin_index,mz,real_rank,shuffled_rank,best_positive_pcc_class,best_positive_pcc,pcc_class_0,pcc_class_1,pcc_class_2,reference_positive_0.3,reference_positive_0.4,reference_positive_0.5,reference_positive_0.6
gained_by_shuffle,314,380.1729431152344,,111,0,0.06115023585692623,0.06115023585692623,-0.03248557977347074,-0.03371994656008053,0,0,0,0
gained_by_shuffle,1097,830.572265625,,135,1,0.23864503183300811,-0.1662808762448633,0.23864503183300811,-0.08109277913062093,0,0,0,0
gained_by_shuffle,1451,1033.9437255859375,,138,0,0.05990513227037308,0.05990513227037308,-0.03579811738574277,-0.02846516146178812,0,0,0,0
gained_by_shuffle,359,405.9034118652344,,150,0,0.045662994558999616,0.045662994558999616,-0.04198883052044993,-0.004797935384468051,0,0,0,0
gained_by_shuffle,1437,1025.89111328125,,156,0,0.06578656126089893,0.06578656126089893,-0.04016975208935676,-0.030274689989474267,0,0,0,0
gained_by_shuffle,570,527.281005859375,,159,0,0.07441031355421562,0.07441031355421562,-0.06257548189964783,-0.014540438243562506,0,0,0,0
gained_by_shuffle,1308,951.595458984375,,174,0,0.01012489986850763,0.01012489986850763,0.006815933515930668,-0.019601273858244225,0,0,0,0
gained_by_shuffle,676,588.2437744140625,,177,0,0.017508641148961144,0.017508641148961144,-0.017992632804994066,0.0003361206207659049,0,0,0,0
gained_by_shuffle,1171,872.6720581054688,,186,1,0.37295246254931497,-0.27696306055981496,0.37295246254931497,-0.10685832997389888,1,0,0,0
gained_by_shuffle,126,272.01641845703125,,192,2,0.03808948670364133,0.026159849261640895,-0.05958108471673677,0.03808948670364133,0,0,0,0
gained_by_shuffle,192,309.96429443359375,,195,0,0.197749086531432,0.197749086531432,-0.2179118593472532,0.020690142160232607,0,0,0,0
gained_by_shuffle,1341,970.632568359375,,203,0,0.10866928925681317,0.10866928925681317,-0.13028844860758096,0.023484823455913607,0,0,0,0
gained_by_shuffle,866,697.4218139648438,,206,0,0.08057961983336251,0.08057961983336251,-0.07882319587267896,-0.0030326587287280125,0,0,0,0
gained_by_shuffle,858,693.0196533203125,,213,0,0.12990333656131645,0.12990333656131645,-0.09661512809195484,-0.03989967648770032,0,0,0,0
gained_by_shuffle,231,332.271240234375,,215,1,0.31811318776714576,-0.572975139378451,0.31811318776714576,0.3001776278522439,1,0,0,0
gained_by_shuffle,502,488.1820068359375,,216,0,0.0533975872143193,0.0533975872143193,-0.04422986210143123,-0.011210214705117466,0,0,0,0
gained_by_shuffle,436,450.23236083984375,,219,0,0.04263004435185917,0.04263004435185917,-0.02881852007362706,-0.01641293432994139,0,0,0,0
gained_by_shuffle,274,357.19854736328125,,220,0,0.215432635482824,0.215432635482824,-0.13897065990608548,-0.09060487307531012,0,0,0,0
gained_by_shuffle,1454,1035.6617431640625,,221,0,0.05240546111899672,0.05240546111899672,-0.03435186170926554,-0.021412270506975594,0,0,0,0
gained_by_shuffle,1382,994.2819213867188,,225,0,0.04035413152074719,0.04035413152074719,-0.036817412805971894,-0.004573158724450759,0,0,0,0
gained_by_shuffle,72,240.97190856933594,,227,0,0.1956772211910428,0.1956772211910428,-0.13427873212864797,-0.07304051504465466,0,0,0,0
gained_by_shuffle,573,529.2438354492188,,228,2,0.13140426257016435,-0.19945214618641366,0.0873229143291111,0.13140426257016435,0,0,0,0
gained_by_shuffle,1042,798.6065673828125,,230,1,0.2344555635148122,-0.4156741415846882,0.2344555635148122,0.21354404231966576,0,0,0,0
gained_by_shuffle,341,395.4189453125,,232,0,0.1827039919150235,0.1827039919150235,-0.11506219886949708,-0.08005416045971998,0,0,0,0
gained_by_shuffle,1149,860.5196533203125,,233,1,0.6306207208368644,-0.4970463216230556,0.6306207208368644,-0.1472948166914617,1,1,1,1
gained_by_shuffle,1111,838.554931640625,,234,2,0.3630931206897748,-0.49232601687244476,0.18184981945826592,0.3630931206897748,1,0,0,0
gained_by_shuffle,1346,973.6630859375,,237,0,0.04203839575208038,0.04203839575208038,-0.042363536089340736,-0.00015504098753356532,0,0,0,0
gained_by_shuffle,534,506.3397521972656,,239,1,0.13735717302052472,-0.16784975258552975,0.13735717302052472,0.03716335609754397,0,0,0,0
gained_by_shuffle,258,347.8697204589844,,240,0,0.038211918491387435,0.038211918491387435,-0.03248653421063412,-0.007062138019463334,0,0,0,0
gained_by_shuffle,302,373.1229248046875,,243,0,0.04680051043640775,0.04680051043640775,-0.034847403419148465,-0.014329097006189282,0,0,0,0
gained_by_shuffle,826,674.4953002929688,,245,1,0.23642111430075974,-0.17344619857159246,0.23642111430075974,-0.07020948001249198,0,0,0,0
gained_by_shuffle,952,746.9874877929688,,246,0,0.05039121173096878,0.05039121173096878,-0.03308200687937871,-0.020531233167016476,0,0,0,0
gained_by_shuffle,1109,837.505126953125,,248,1,0.17921560663445518,-0.31885466864290535,0.17921560663445518,0.16452945906016034,0,0,0,0
gained_by_shuffle,587,537.0596923828125,,249,0,0.084854697212859,0.084854697212859,-0.05533905274779357,-0.03499635580138171,0,0,0,0
gained_by_shuffle,1462,1040.3021240234375,,251,0,0.11616011206703454,0.11616011206703454,-0.09390027430445673,-0.027049412330426254,0,0,0,0
gained_by_shuffle,1471,1045.456298828125,,252,0,0.07356615528159406,0.07356615528159406,-0.052493288531117704,-0.02514917300559645,0,0,0,0
gained_by_shuffle,540,510.0421447753906,,255,0,0.055550894031444586,0.055550894031444586,-0.034025272613632807,-0.02544301318529879,0,0,0,0
lost_by_shuffle,1284,937.7913208007812,51,,0,0.018849339598202883,0.018849339598202883,-0.025550460159603015,0.0074660018992678675,0,0,0,0
lost_by_shuffle,157,289.7661437988281,60,,0,0.02077212392832686,0.02077212392832686,-0.034923741964094056,0.016006349308923137,0,0,0,0
lost_by_shuffle,1205,892.529296875,66,,0,0.035481580228035596,0.035481580228035596,-0.025490246187683144,-0.011931609683628216,0,0,0,0
lost_by_shuffle,176,300.7323303222656,96,,2,0.2678177116356775,-0.0755880781897239,-0.15656595725730574,0.2678177116356775,0,0,0,0
lost_by_shuffle,868,698.5193481445312,135,,1,0.6617477151362524,-0.4993744223988338,0.6617477151362524,-0.1803705831070916,1,1,1,1
lost_by_shuffle,282,361.6729736328125,147,,0,0.0356415667629912,0.0356415667629912,-0.037353141783426067,0.0015191657570068462,0,0,0,0
lost_by_shuffle,1059,808.5164184570312,159,,1,0.22521546807730006,-0.3969484183213728,0.22521546807730006,0.20240452535672776,0,0,0,0
lost_by_shuffle,1294,943.5138549804688,160,,1,0.30991768770034334,-0.4519286594459493,0.30991768770034334,0.1689299570832143,1,0,0,0
lost_by_shuffle,1127,847.622802734375,166,,2,0.18890196997325417,-0.310446579154311,0.14951326674565904,0.18890196997325417,0,0,0,0
lost_by_shuffle,1103,833.57177734375,168,,1,0.6810006383171276,-0.529973402905773,0.6810006383171276,-0.16694310285326633,1,1,1,1
lost_by_shuffle,432,447.97076416015625,174,,0,0.11735754642009952,0.11735754642009952,-0.07057749008517245,-0.05525108187891702,0,0,0,0
lost_by_shuffle,1343,971.83251953125,186,,2,0.10507723309127844,-0.024679506424392744,-0.06645968649582436,0.10507723309127844,0,0,0,0
lost_by_shuffle,1029,791.501708984375,199,,1,0.45503841060765005,-0.5681392022982982,0.45503841060765005,0.13715878309321825,1,1,0,0
lost_by_shuffle,1200,889.57080078125,204,,1,0.7000132742593275,-0.5589030484183288,0.7000132742593275,-0.1551793473325341,1,1,1,1
lost_by_shuffle,1297,945.4841918945312,206,,1,0.01935843731072175,-0.004404461156791912,0.01935843731072175,-0.017134567776663757,0,0,0,0
lost_by_shuffle,1156,864.5492553710938,213,,1,0.5642566663382274,-0.5152493219058826,0.5642566663382274,-0.049853888966093995,1,1,1,0
lost_by_shuffle,1091,826.6998291015625,215,,1,0.04221387417895928,0.016437000622911643,0.04221387417895928,-0.06762741353549179,0,0,0,0
lost_by_shuffle,440,452.3729248046875,216,,0,0.040443764167271024,0.040443764167271024,-0.030700508832643664,-0.011708855937201279,0,0,0,0
lost_by_shuffle,1044,799.6741943359375,217,,2,0.1708011908424756,-0.2397185976981255,0.09375763923722552,0.1708011908424756,0,0,0,0
lost_by_shuffle,1186,881.5484008789062,226,,1,0.5409560813965284,-0.4162160642453291,0.5409560813965284,-0.13815623064569996,1,1,1,0
lost_by_shuffle,375,415.22698974609375,228,,1,0.6220179524968943,-0.5198251106516018,0.6220179524968943,-0.11093439554903337,1,1,1,1
lost_by_shuffle,1124,845.6367797851562,229,,1,0.29306555792087474,-0.4605061737084433,0.29306555792087474,0.19826986754747028,0,0,0,0
lost_by_shuffle,1125,846.574951171875,232,,1,0.29815373997484534,-0.3304564188892049,0.29815373997484534,0.041289528380696716,0,0,0,0
lost_by_shuffle,721,614.12255859375,234,,0,0.037689900787149254,0.037689900787149254,-0.04139621438624484,0.003786402006646885,0,0,0,0
lost_by_shuffle,1181,878.5597534179688,235,,1,0.06469789489985817,-0.10260976111951609,0.06469789489985817,0.04487136326896677,0,0,0,0
lost_by_shuffle,923,730.5354614257812,237,,1,0.5305128996790223,-0.49820134065231125,0.5305128996790223,-0.030876109641113328,1,1,1,0
lost_by_shuffle,167,295.28253173828125,238,,1,0.42556732615936127,-0.3566226490986612,0.42556732615936127,-0.0747677071401565,1,1,0,0
lost_by_shuffle,922,729.5650024414062,240,,1,0.5597343613091856,-0.4653374598888089,0.5597343613091856,-0.10265816248433503,1,1,1,0
lost_by_shuffle,936,737.549072265625,241,,1,0.2941692434227292,-0.4427012365917042,0.2941692434227292,0.1763099639019814,0,0,0,0
lost_by_shuffle,248,342.044189453125,243,,0,0.13853878778895834,0.13853878778895834,-0.09570241638665816,-0.05098415431714053,0,0,0,0
lost_by_shuffle,90,251.20068359375,244,,1,0.333366667406217,-0.25419637833057573,0.333366667406217,-0.08781071771098303,1,0,0,0
lost_by_shuffle,976,760.5289306640625,245,,1,0.23287420691294272,-0.1889058971872528,0.23287420691294272,-0.04816644259233895,0,0,0,0
lost_by_shuffle,2,200.62139892578125,246,,0,0.04185628592283963,0.04185628592283963,-0.026855835088235455,-0.017769902216091964,0,0,0,0
lost_by_shuffle,1295,944.4586791992188,247,,1,0.1793409657437619,-0.21652738684559958,0.1793409657437619,0.045470407546627505,0,0,0,0
lost_by_shuffle,1083,822.5419921875,251,,1,0.5442464508205331,-0.5693727803724171,0.5442464508205331,0.036045446357082456,1,1,1,0
lost_by_shuffle,1023,787.55078125,252,,1,0.5192201709946691,-0.4816145825692863,0.5192201709946691,-0.03717037304447092,1,1,1,0
lost_by_shuffle,331,389.806396484375,255,,2,0.2796917834878659,-0.09589351963625907,-0.14636786448209146,0.2796917834878659,0,0,0,0
