index,x,y,class_label,group,valid_neighbours,real_same_class_fraction,shuffled_same_class_fraction,cosine_central_real,cosine_central_shuffled,cosine_real_shuffled,l1_central_real,l1_central_shuffled,l1_real_shuffled
610,59,9,0,boundary,8,0.875,0.25,0.9436070919036865,0.6090003848075867,0.7370096445083618,0.5261167287826538,1.234886646270752,1.0583211183547974
613,62,9,0,boundary,8,0.875,0.625,0.9829046726226807,0.9602333903312683,0.9492810964584351,0.42439863085746765,0.6919453144073486,0.643873929977417
679,59,10,0,boundary,8,0.875,0.5,0.9721317291259766,0.7698609828948975,0.805966317653656,0.4440925419330597,1.0361254215240479,0.9259018898010254
728,39,11,0,boundary,8,0.75,0.5,0.9873306751251221,0.9215827584266663,0.9449559450149536,0.34850892424583435,0.8702659010887146,0.7571649551391602
731,42,11,0,boundary,8,0.625,0.625,0.9563629031181335,0.9559656977653503,0.9170542359352112,0.39715757966041565,0.6956033706665039,0.7087521553039551
735,46,11,0,boundary,8,0.625,0.5,0.9627574682235718,0.7864145040512085,0.895463764667511,0.5078036189079285,1.1423622369766235,0.802156925201416
748,59,11,0,boundary,8,0.875,0.625,0.9570333957672119,0.8922257423400879,0.9186235666275024,0.45505428314208984,0.8314895033836365,0.6857935190200806
785,27,12,0,boundary,8,0.625,0.625,0.9715728163719177,0.9543938636779785,0.9602854251861572,0.5146620273590088,0.6676560044288635,0.4738340973854065
786,28,12,0,boundary,8,0.625,0.625,0.9645904898643494,0.9173175692558289,0.9395378828048706,0.5851420164108276,0.8071171045303345,0.5347408056259155
788,30,12,0,boundary,8,0.625,0.625,0.9647184014320374,0.8838950991630554,0.9375908374786377,0.5757311582565308,0.8939287662506104,0.556201696395874
789,31,12,0,boundary,8,0.625,0.625,0.9741281867027283,0.9081574082374573,0.9490981101989746,0.5574759244918823,0.8004857301712036,0.45097893476486206
793,35,12,0,boundary,8,0.875,0.125,0.9621825218200684,0.46819421648979187,0.58123779296875,0.6172386407852173,1.5096015930175781,1.1197707653045654
796,38,12,0,boundary,8,0.5,0.5,0.7952330708503723,0.7470077872276306,0.9652948379516602,0.687532901763916,0.8675602078437805,0.49294987320899963
850,23,13,0,boundary,8,0.625,0.625,0.968292236328125,0.8217849731445312,0.9178397059440613,0.4031200110912323,0.9195724725723267,0.7282750606536865
852,25,13,0,boundary,8,0.5,0.625,0.9625825881958008,0.9587974548339844,0.9496874213218689,0.5976778268814087,0.7008724212646484,0.4470680356025696
862,35,13,0,boundary,8,0.5,0.375,0.9651054739952087,0.843975841999054,0.9296576380729675,0.5454521179199219,0.7625759243965149,0.4198518395423889
985,20,15,0,boundary,8,0.625,0.25,0.9889025688171387,0.840573787689209,0.8685086369514465,0.3471198081970215,1.0004184246063232,0.8946366906166077
1017,52,15,0,boundary,8,0.625,0.75,0.9656925201416016,0.8541483283042908,0.9336637854576111,0.4086619019508362,0.7331365346908569,0.5693197250366211
1054,20,16,0,boundary,8,0.5,0.25,0.9451879262924194,0.8857918977737427,0.8944266438484192,0.7721835970878601,0.9421402215957642,0.5738654732704163
1087,53,16,0,boundary,8,0.625,0.625,0.9686892032623291,0.8932720422744751,0.9124839305877686,0.5598347783088684,0.7359706163406372,0.5557065010070801
1096,62,16,0,boundary,8,0.625,0.375,0.9141460657119751,0.7886500954627991,0.9377152919769287,0.5651585459709167,1.0439107418060303,0.7428793907165527
1120,17,17,0,boundary,8,0.875,0.25,0.983871579170227,0.6609894037246704,0.7127813696861267,0.40067464113235474,1.2130192518234253,1.0958991050720215
1166,63,17,0,boundary,8,0.75,0.75,0.9506356716156006,0.9089691638946533,0.8848839998245239,0.5577077865600586,0.6225053668022156,0.5591999292373657
1235,63,18,0,boundary,8,0.75,0.625,0.9835295677185059,0.9205625653266907,0.9467607736587524,0.3487522602081299,0.6482319831848145,0.49503666162490845
1304,63,19,0,boundary,8,0.75,0.625,0.9842678308486938,0.9102952480316162,0.9196386933326721,0.3495832681655884,0.6823375225067139,0.5871685147285461
1323,13,20,0,boundary,8,0.875,0.25,0.9865095019340515,0.7301555871963501,0.785090446472168,0.40124985575675964,1.2255253791809082,1.0601252317428589
1324,14,20,0,boundary,8,0.625,0.0,0.9775853753089905,0.48236992955207825,0.5461995601654053,0.5150583982467651,1.4711871147155762,1.1700729131698608
1510,62,22,0,boundary,8,0.5,0.25,0.9812495708465576,0.9296990633010864,0.9544996619224548,0.3194124400615692,0.5261721014976501,0.46700236201286316
1579,62,23,0,boundary,8,0.5,0.25,0.9754611849784851,0.9569615721702576,0.946439266204834,0.3465609550476074,0.4915785789489746,0.49266016483306885
1787,63,26,0,boundary,8,0.625,0.5,0.9730736613273621,0.8815340399742126,0.9387540817260742,0.40149348974227905,0.6140996217727661,0.49717748165130615
1802,9,27,0,boundary,8,0.75,0.25,0.9891051650047302,0.697803258895874,0.6673470139503479,0.32401421666145325,1.2573060989379883,1.2771856784820557
2009,9,30,0,boundary,8,0.625,0.875,0.922337532043457,0.9518393278121948,0.9870288372039795,0.6530923843383789,0.5836178660392761,0.3089545667171478
2062,62,30,0,boundary,8,0.625,0.625,0.9740278720855713,0.7834267020225525,0.8089359402656555,0.3516849875450134,0.8392493724822998,0.735406219959259
2147,9,32,0,boundary,8,0.5,0.75,0.9579097032546997,0.7240468859672546,0.8812875151634216,0.42786452174186707,0.8375931978225708,0.574820876121521
2215,8,33,0,boundary,8,0.625,0.5,0.9627646207809448,0.9230527877807617,0.9201366901397705,0.5717806220054626,0.7744799852371216,0.48127248883247375
2338,62,34,0,boundary,8,0.625,0.375,0.9938622117042542,0.6755626797676086,0.7042768597602844,0.18646885454654694,0.8630653619766235,0.8044305443763733
2407,62,35,0,boundary,8,0.625,0.375,0.9929388165473938,0.7915135025978088,0.8082265853881836,0.2244398593902588,0.660574197769165,0.5961015224456787
2420,6,36,0,boundary,8,0.625,0.375,0.9747245907783508,0.7981604337692261,0.7516880035400391,0.4385542571544647,0.931323230266571,1.033389687538147
2684,63,39,0,boundary,8,0.875,0.625,0.9729447960853577,0.966717541217804,0.9787738919258118,0.4307818114757538,0.5333986878395081,0.31726762652397156
2764,5,41,0,boundary,8,0.875,0.625,0.9686672687530518,0.9590832591056824,0.9316051006317139,0.3422544300556183,0.6488744020462036,0.6658965349197388
2822,63,41,0,boundary,8,0.625,0.5,0.9507445096969604,0.8991426825523376,0.9810794591903687,0.4632071852684021,0.7518922686576843,0.46373188495635986
2902,5,43,0,boundary,8,0.75,0.5,0.9913020730018616,0.819942057132721,0.8597968816757202,0.2959083914756775,1.0000505447387695,0.8677937388420105
2971,5,44,0,boundary,8,0.875,0.375,0.9871165156364441,0.6824094653129578,0.7535738945007324,0.2781037390232086,1.2343461513519287,1.0884151458740234
3028,62,44,0,boundary,8,0.625,0.625,0.8824728727340698,0.9505388140678406,0.9799385070800781,0.6226876974105835,0.5673327445983887,0.26070883870124817
3097,62,45,0,boundary,8,0.625,0.625,0.9429993033409119,0.940907895565033,0.9913277626037598,0.43542349338531494,0.50669926404953,0.24046936631202698
3179,6,47,0,boundary,8,0.625,0.375,0.9701265692710876,0.9245029091835022,0.9301216006278992,0.3916846811771393,0.731662392616272,0.6492921113967896
3579,61,52,0,boundary,8,0.625,0.125,0.9807759523391724,0.850177526473999,0.897667646408081,0.33083391189575195,0.8408900499343872,0.7035893201828003
3594,7,53,0,boundary,8,0.875,0.625,0.8833507299423218,0.7542857527732849,0.9565023183822632,0.6045539379119873,0.8884498476982117,0.5175007581710815
3875,12,57,0,boundary,8,0.5,0.625,0.9696328639984131,0.9321160912513733,0.958327054977417,0.44870877265930176,0.7667328119277954,0.5876739621162415
3920,57,57,0,boundary,8,0.75,0.375,0.9837060570716858,0.9590548276901245,0.9807363748550415,0.3325885236263275,0.5054535269737244,0.3178737461566925
4053,52,59,0,boundary,8,0.75,0.25,0.972189724445343,0.8055413961410522,0.9076754450798035,0.3058011531829834,0.8088610768318176,0.5924839973449707
4054,53,59,0,boundary,8,0.875,0.5,0.9841251373291016,0.9643219709396362,0.9254819750785828,0.30490225553512573,0.4447808265686035,0.4868970513343811
4086,16,60,0,boundary,8,0.5,0.75,0.9690837264060974,0.8996946811676025,0.9158053994178772,0.4614149034023285,0.7010196447372437,0.5521579384803772
4155,16,61,0,boundary,8,0.875,0.75,0.975142240524292,0.8829831480979919,0.9276309013366699,0.39895913004875183,0.7799085974693298,0.6586950421333313
4228,20,62,0,boundary,8,0.875,0.75,0.9888428449630737,0.8780606389045715,0.902299702167511,0.36130738258361816,0.642491340637207,0.5193244218826294
4258,50,62,0,boundary,8,0.625,0.375,0.9585148692131042,0.9027761816978455,0.9619457721710205,0.3588322401046753,0.6097249984741211,0.44471806287765503
4259,51,62,0,boundary,8,0.875,0.375,0.9875257015228271,0.9461262822151184,0.9605919122695923,0.3135727047920227,0.5336825847625732,0.45368826389312744
4304,27,63,0,boundary,8,0.875,0.5,0.9806817770004272,0.8925003409385681,0.8976235389709473,0.3449830412864685,0.5979307889938354,0.49328720569610596
4313,36,63,0,boundary,8,0.625,0.5,0.9653659462928772,0.7248591780662537,0.8207833170890808,0.3966745138168335,1.0200916528701782,0.8055728077888489
4325,48,63,0,boundary,8,0.625,0.375,0.9801235198974609,0.9734140634536743,0.9895314574241638,0.3514443337917328,0.4730430543422699,0.3574620485305786
4327,50,63,0,boundary,8,0.875,0.375,0.9864678382873535,0.9572247266769409,0.951705813407898,0.3082844316959381,0.5527553558349609,0.48357242345809937
4374,28,64,0,boundary,8,0.875,0.5,0.9834931492805481,0.9508860111236572,0.9398981928825378,0.3893093168735504,0.6639912724494934,0.5734170079231262
4376,30,64,0,boundary,8,0.625,0.75,0.9698509573936462,0.9081512689590454,0.8510726690292358,0.4850320816040039,0.6399907469749451,0.5811423063278198
4390,44,64,0,boundary,8,0.75,0.5,0.9917917847633362,0.787067711353302,0.8269439935684204,0.25491729378700256,0.7840418815612793,0.6807162761688232
1190,18,18,1,boundary,8,0.5,0.5,0.9638475179672241,0.9344858527183533,0.9397621750831604,0.5714972615242004,0.634278416633606,0.4106138348579407
1213,41,18,1,boundary,8,0.5,0.125,0.9618608951568604,0.7735751867294312,0.7441819906234741,0.38474833965301514,0.8431586027145386,0.7924644947052002
1216,44,18,1,boundary,8,0.625,0.125,0.9960247278213501,0.708499014377594,0.7312613725662231,0.23812982439994812,0.9822683334350586,0.884300947189331
1263,22,19,1,boundary,8,0.625,0.625,0.9955228567123413,0.7471343278884888,0.7576932907104492,0.18324990570545197,0.7657384276390076,0.7465746402740479
1341,31,20,1,boundary,8,0.625,0.0,0.993591845035553,0.6776334047317505,0.7050199508666992,0.20786401629447937,0.911736011505127,0.8614740371704102
1350,40,20,1,boundary,8,0.75,0.375,0.9946300983428955,0.7419567108154297,0.7396075129508972,0.2617470622062683,0.9306850433349609,0.9010588526725769
1358,48,20,1,boundary,8,0.875,0.125,0.994251549243927,0.7193014621734619,0.7312465906143188,0.28239303827285767,0.9811878800392151,0.9264704585075378
1410,31,21,1,boundary,8,0.875,0.25,0.9679419994354248,0.6657183766365051,0.6390434503555298,0.2783321440219879,1.037165880203247,1.046208381652832
1412,33,21,1,boundary,8,0.375,0.125,0.9947522282600403,0.6936243772506714,0.6923047304153442,0.22167211771011353,0.8737725615501404,0.871497631072998
1427,48,21,1,boundary,8,0.875,0.25,0.988035261631012,0.6062052249908447,0.6097912788391113,0.24541619420051575,1.025434136390686,1.0017590522766113
1461,13,22,1,boundary,8,0.625,0.375,0.9797205328941345,0.8905228972434998,0.9359328746795654,0.45401903986930847,0.854434072971344,0.6591088175773621
1481,33,22,1,boundary,8,0.75,0.25,0.9940710067749023,0.7445768713951111,0.7345356941223145,0.22257307171821594,0.7615242004394531,0.7646709680557251
1536,19,23,1,boundary,8,0.75,0.25,0.9893369078636169,0.7487649917602539,0.7953453063964844,0.2106751799583435,0.7383127212524414,0.6658791303634644
1573,56,23,1,boundary,8,0.5,0.125,0.9899863004684448,0.9287639856338501,0.9426389932632446,0.28823453187942505,0.5933498740196228,0.504310131072998
1597,11,24,1,boundary,8,0.625,0.5,0.8651605248451233,0.8741469383239746,0.8441770672798157,0.5138351917266846,0.9300556778907776,0.9203882813453674
1626,40,24,1,boundary,8,0.625,0.125,0.977733314037323,0.6303035020828247,0.6604424118995667,0.39511942863464355,0.9756280183792114,0.9280869960784912
1632,46,24,1,boundary,8,0.875,0.25,0.9958556294441223,0.5292174220085144,0.5276485085487366,0.1552959829568863,1.1946229934692383,1.1882497072219849
1700,45,25,1,boundary,8,0.875,0.375,0.9957780838012695,0.7137919664382935,0.7245885729789734,0.15799161791801453,0.820044755935669,0.7841577529907227
1854,61,27,1,boundary,8,0.625,0.5,0.9332496523857117,0.948523223400116,0.9567601680755615,0.47648635506629944,0.49386584758758545,0.46037596464157104
1882,20,28,1,boundary,8,0.625,0.125,0.9805163145065308,0.7509761452674866,0.8259462714195251,0.35497528314590454,0.7903175354003906,0.6681369543075562
1992,61,29,1,boundary,8,0.75,0.375,0.9955697655677795,0.7930169105529785,0.7928850054740906,0.23085860908031464,0.6714838743209839,0.6093999147415161
2093,24,31,1,boundary,8,0.875,0.375,0.9950735569000244,0.8491978645324707,0.8732258677482605,0.23871701955795288,0.7114839553833008,0.610759437084198
2241,34,33,1,boundary,8,0.625,0.5,0.9925986528396606,0.7306137681007385,0.7100348472595215,0.19585898518562317,0.8448716402053833,0.8190765976905823
2337,61,34,1,boundary,8,0.625,0.125,0.9920331239700317,0.6392251253128052,0.6795951724052429,0.18204042315483093,1.0794425010681152,1.0241903066635132
2352,7,35,1,boundary,8,0.375,0.25,0.9736336469650269,0.8592565059661865,0.9216552376747131,0.40305379033088684,0.8948909044265747,0.7463141679763794
2469,55,36,1,boundary,8,0.75,0.375,0.9608187079429626,0.8972718715667725,0.911825954914093,0.404935359954834,0.6754372119903564,0.6089276075363159
2475,61,36,1,boundary,8,0.5,0.125,0.9968813061714172,0.4574560523033142,0.48607203364372253,0.14276811480522156,1.2487995624542236,1.2210646867752075
2525,42,37,1,boundary,8,0.625,0.125,0.9935645461082458,0.44992655515670776,0.47488895058631897,0.20856408774852753,1.3161935806274414,1.277209997177124
2530,47,37,1,boundary,8,0.625,0.25,0.9961473941802979,0.4250710904598236,0.4100329875946045,0.23484480381011963,1.4023725986480713,1.396740198135376
2541,58,37,1,boundary,8,0.875,0.125,0.9696595072746277,0.5952246785163879,0.6180477142333984,0.24556507170200348,1.1455750465393066,1.1217083930969238
2640,19,39,1,boundary,8,0.625,0.25,0.993194580078125,0.6659880876541138,0.6841148138046265,0.20118634402751923,0.9420924782752991,0.888071596622467
2664,43,39,1,boundary,8,0.625,0.375,0.9725571274757385,0.6430122256278992,0.6848417520523071,0.30910083651542664,0.9969261884689331,0.9363725185394287
2728,38,40,1,boundary,8,0.625,0.25,0.9962804913520813,0.7574045062065125,0.7528433203697205,0.1953737735748291,0.8471599817276001,0.8334800601005554
2806,47,41,1,boundary,8,0.625,0.25,0.9867351651191711,0.6773557662963867,0.7090389728546143,0.2707018256187439,0.9018104076385498,0.8342832326889038
2867,39,42,1,boundary,8,0.5,0.25,0.9963832497596741,0.8226271867752075,0.8340177536010742,0.18728555738925934,0.732399582862854,0.6755156517028809
2869,41,42,1,boundary,8,0.625,0.125,0.993374228477478,0.6028067469596863,0.6139796376228333,0.17702355980873108,1.0849361419677734,1.0461326837539673
2995,29,44,1,boundary,8,0.75,0.25,0.9688103795051575,0.7843848466873169,0.7928224802017212,0.2824420630931854,0.7218834161758423,0.6507407426834106
3127,23,46,1,boundary,8,0.5,0.375,0.9954676032066345,0.8904474973678589,0.8945120573043823,0.20888912677764893,0.6380314826965332,0.5715782642364502
3186,13,47,1,boundary,8,0.625,0.5,0.9933007955551147,0.9267838597297668,0.9437337517738342,0.28715744614601135,0.5984842777252197,0.46881890296936035
3187,14,47,1,boundary,8,0.75,0.25,0.9938671588897705,0.8238058090209961,0.8437163233757019,0.23491805791854858,0.7775638103485107,0.6801668405532837
3202,29,47,1,boundary,8,0.625,0.5,0.9876497387886047,0.9677038192749023,0.9802743792533875,0.21214096248149872,0.3876553773880005,0.3259153962135315
3216,43,47,1,boundary,8,0.5,0.75,0.988322377204895,0.9482808709144592,0.9638254046440125,0.3419014811515808,0.6067568063735962,0.4353429079055786
3227,54,47,1,boundary,8,0.875,0.375,0.9972790479660034,0.6002420783042908,0.6163404583930969,0.13252639770507812,1.0098683834075928,0.9880080223083496
3259,17,48,1,boundary,8,0.625,0.25,0.9947683811187744,0.6593407392501831,0.6747388243675232,0.22242017090320587,0.9265458583831787,0.8736902475357056
3288,46,48,1,boundary,8,0.625,0.125,0.9927285313606262,0.5695445537567139,0.5969606041908264,0.2587931156158447,1.0824469327926636,1.0596657991409302
3296,54,48,1,boundary,8,0.75,0.375,0.9911646246910095,0.7226325869560242,0.7668390274047852,0.1508047729730606,0.9016572833061218,0.8345858454704285
3303,61,48,1,boundary,8,0.625,0.375,0.8532247543334961,0.6839761137962341,0.9299930930137634,0.7000519037246704,1.0286269187927246,0.5284121036529541
3353,42,49,1,boundary,8,0.75,0.375,0.9953135848045349,0.8150017857551575,0.8288348317146301,0.20747506618499756,0.6609395146369934,0.6106616854667664
3421,41,50,1,boundary,8,0.625,0.375,0.9658911824226379,0.8586217164993286,0.8964787125587463,0.275859534740448,0.5601367950439453,0.4761376976966858
3490,41,51,1,boundary,8,0.875,0.25,0.9792528748512268,0.7715610265731812,0.7701303958892822,0.21890096366405487,0.7209467887878418,0.6966648101806641
3499,50,51,1,boundary,8,0.625,0.25,0.9963274598121643,0.861987829208374,0.8736814260482788,0.17338305711746216,0.636090099811554,0.5759726762771606
3572,54,52,1,boundary,8,0.875,0.625,0.9889441728591919,0.950556755065918,0.938558042049408,0.2303643524646759,0.4828631579875946,0.4703899621963501
3602,15,53,1,boundary,8,0.875,0.125,0.9736019372940063,0.8140118718147278,0.7283759713172913,0.363982230424881,0.7785367369651794,0.8664401769638062
3626,39,53,1,boundary,8,0.625,0.25,0.9946315884590149,0.6540946960449219,0.6521270275115967,0.1858799308538437,1.0078099966049194,0.9906263947486877
3642,55,53,1,boundary,8,0.875,0.375,0.9947878122329712,0.8687528967857361,0.8608606457710266,0.2284632921218872,0.6669682264328003,0.6152721643447876
3707,51,54,1,boundary,8,0.75,0.125,0.9839698672294617,0.5356800556182861,0.5775619149208069,0.19065231084823608,1.1409001350402832,1.0877846479415894
3816,22,56,1,boundary,8,0.75,0.375,0.9976704716682434,0.6670739650726318,0.664029061794281,0.15775293111801147,0.9144958853721619,0.9054297804832458
3831,37,56,1,boundary,8,0.625,0.125,0.9878917336463928,0.6318679451942444,0.6236563920974731,0.22836777567863464,1.0799869298934937,1.0558812618255615
3832,38,56,1,boundary,8,0.75,0.375,0.9819807410240173,0.6282280683517456,0.6375616192817688,0.2192348837852478,0.9450295567512512,0.9354018568992615
3846,52,56,1,boundary,8,0.5,0.125,0.9941854476928711,0.839752197265625,0.8317816257476807,0.16670620441436768,0.6359680891036987,0.643571674823761
4167,28,61,1,boundary,8,0.75,0.5,0.9875466227531433,0.8055546879768372,0.8319485783576965,0.2830967903137207,0.6982139348983765,0.5959253311157227
4232,24,62,1,boundary,8,0.625,0.5,0.9790381193161011,0.8818509578704834,0.8618877530097961,0.3614104986190796,0.6145766973495483,0.6405092477798462
4245,37,62,1,boundary,8,0.625,0.25,0.9906026124954224,0.5495153665542603,0.6143377423286438,0.21240471303462982,1.1012420654296875,1.0077189207077026
4246,38,62,1,boundary,8,0.75,0.125,0.992615282535553,0.5429394245147705,0.5776973366737366,0.18771453201770782,1.209164023399353,1.1562373638153076
797,39,12,2,boundary,8,0.5,0.25,0.9783416390419006,0.8938994407653809,0.949895441532135,0.38089093565940857,0.6928688287734985,0.5447744727134705
802,44,12,2,boundary,8,0.625,0.25,0.93639075756073,0.8842500448226929,0.9830496311187744,0.6244911551475525,0.825748860836029,0.4192355275154114
804,46,12,2,boundary,8,0.625,0.25,0.8075063824653625,0.8991720676422119,0.8590002655982971,0.6871707439422607,0.969599723815918,0.8097620010375977
1086,52,16,2,boundary,8,0.625,0.25,0.8872748613357544,0.7382408976554871,0.8478580117225647,0.5463407635688782,0.9454630017280579,0.7274819612503052
1092,58,16,2,boundary,8,0.5,0.125,0.9615222215652466,0.9065765142440796,0.9360003471374512,0.45179635286331177,0.8361316323280334,0.6420255303382874
1124,21,17,2,boundary,8,0.875,0.25,0.8883041739463806,0.6068776249885559,0.8573051691055298,0.5043398141860962,1.003061056137085,0.6172091960906982
1143,40,17,2,boundary,8,0.875,0.375,0.9880266785621643,0.8175132274627686,0.8539177179336548,0.2764246165752411,0.695899248123169,0.6237999200820923
1151,48,17,2,boundary,8,0.875,0.25,0.9894816279411316,0.8768836259841919,0.8941410779953003,0.32131722569465637,0.7593475580215454,0.6429373621940613
1155,52,17,2,boundary,8,0.875,0.125,0.9405673742294312,0.6993842720985413,0.8316943049430847,0.4806329011917114,1.0704472064971924,0.7630638480186462
1156,53,17,2,boundary,8,0.625,0.375,0.9604566097259521,0.926662802696228,0.9319271445274353,0.48407578468322754,0.6065462827682495,0.4874231815338135
1220,48,18,2,boundary,8,0.625,0.125,0.9910535216331482,0.7680644989013672,0.8094788193702698,0.2952750325202942,0.9390677809715271,0.8441644906997681
1233,61,18,2,boundary,8,0.875,0.25,0.9891418814659119,0.9470137357711792,0.9298209547996521,0.3050587773323059,0.6799875497817993,0.6249843835830688
1268,27,19,2,boundary,8,0.625,0.125,0.9946821331977844,0.8981156349182129,0.8915449976921082,0.19058336317539215,0.5315279960632324,0.5338358283042908
1300,59,19,2,boundary,8,0.875,0.125,0.9542191624641418,0.8050761222839355,0.9272617101669312,0.4736396074295044,0.6787375211715698,0.5172315835952759
1338,28,20,2,boundary,8,0.375,0.125,0.9906001091003418,0.8200879693031311,0.8101440668106079,0.2068045437335968,0.7941935062408447,0.7907226085662842
1417,38,21,2,boundary,8,0.75,0.0,0.990067183971405,0.5784429907798767,0.6022637486457825,0.30796027183532715,1.1575500965118408,1.0790499448776245
1429,50,21,2,boundary,8,0.75,0.0,0.9930111169815063,0.6701441407203674,0.6702954769134521,0.26834338903427124,0.98265141248703,0.9336519241333008
1634,48,24,2,boundary,8,0.5,0.25,0.993739902973175,0.8003464341163635,0.8000616431236267,0.2081262469291687,0.7635571956634521,0.7552371025085449
1741,17,26,2,boundary,8,0.75,0.125,0.9810150861740112,0.7901256680488586,0.7861617207527161,0.30889418721199036,0.8460568189620972,0.7900363206863403
1763,39,26,2,boundary,8,0.875,0.125,0.9680019617080688,0.696502685546875,0.7278344631195068,0.2970955967903137,0.8613483309745789,0.7930139303207397
1771,47,26,2,boundary,8,0.625,0.25,0.9814414978027344,0.6734150052070618,0.6735634803771973,0.22515764832496643,0.9293106198310852,0.9246859550476074
1838,45,27,2,boundary,8,0.625,0.125,0.9943888783454895,0.7956967353820801,0.7893231511116028,0.19326083362102509,0.7161285877227783,0.6740530729293823
1872,10,28,2,boundary,8,0.5,0.25,0.9748607277870178,0.8434991836547852,0.9227024912834167,0.5246268510818481,1.039729118347168,0.6975097060203552
1908,46,28,2,boundary,8,0.75,0.25,0.9735695123672485,0.49450480937957764,0.5635604858398438,0.35079652070999146,1.08713960647583,1.011602759361267
1973,42,29,2,boundary,8,0.75,0.25,0.9664437174797058,0.4709514081478119,0.4839250147342682,0.3061527609825134,1.322434425354004,1.2847914695739746
1977,46,29,2,boundary,8,0.625,0.375,0.9970982074737549,0.5752206444740295,0.5988677740097046,0.18484047055244446,1.0065202713012695,0.9383358359336853
2079,10,31,2,boundary,8,0.625,0.25,0.906543493270874,0.7519157528877258,0.9432241320610046,0.5062749981880188,0.7658440470695496,0.4397631883621216
2218,11,33,2,boundary,8,0.875,0.25,0.9948017597198486,0.779657244682312,0.8092382550239563,0.22059693932533264,0.7939818501472473,0.7163349390029907
2451,37,36,2,boundary,8,0.625,0.375,0.991563081741333,0.7970800399780273,0.7906014323234558,0.2252356857061386,0.799314022064209,0.7501540184020996
2490,7,37,2,boundary,8,0.375,0.375,0.9496659636497498,0.8469431400299072,0.9361896514892578,0.5898470878601074,0.9546085000038147,0.5870451927185059
2517,34,37,2,boundary,8,0.875,0.0,0.9958674907684326,0.8632722496986389,0.8591190576553345,0.19991402328014374,0.6354991793632507,0.5933195352554321
2773,14,41,2,boundary,8,0.625,0.125,0.9962520003318787,0.8215717077255249,0.8328965902328491,0.16196519136428833,0.7146482467651367,0.6679879426956177
2796,37,41,2,boundary,8,0.75,0.0,0.9942184090614319,0.6691397428512573,0.6843199729919434,0.23271647095680237,1.1541528701782227,1.0912357568740845
2805,46,41,2,boundary,8,0.625,0.25,0.9963283538818359,0.8681319355964661,0.8802003860473633,0.2338305562734604,0.6568623781204224,0.5803035497665405
2839,11,42,2,boundary,8,0.625,0.125,0.9788755774497986,0.6938413977622986,0.6718998551368713,0.26328539848327637,0.9880316257476807,0.9843237400054932
2917,20,43,2,boundary,8,0.25,0.25,0.9796976447105408,0.7744287848472595,0.7900367975234985,0.25588715076446533,0.8361042141914368,0.7719048857688904
2936,39,43,2,boundary,8,0.75,0.25,0.9889665246009827,0.8276276588439941,0.8521108031272888,0.23274299502372742,0.6449530720710754,0.5769743919372559
2938,41,43,2,boundary,8,0.625,0.25,0.9968258142471313,0.8071008920669556,0.8038671016693115,0.16410832107067108,0.7069375514984131,0.6708637475967407
2989,23,44,2,boundary,8,0.875,0.375,0.9677208065986633,0.6946051120758057,0.7713592648506165,0.2586337625980377,0.9438018202781677,0.809105634689331
3069,34,45,2,boundary,8,0.5,0.0,0.992009699344635,0.898023247718811,0.9031387567520142,0.2719752788543701,0.5486062169075012,0.464738667011261
3180,7,47,2,boundary,8,0.375,0.125,0.9379795789718628,0.8074185252189636,0.9364722967147827,0.48635706305503845,0.7845911383628845,0.514766275882721
3249,7,48,2,boundary,8,0.5,0.125,0.9322697520256042,0.8634278178215027,0.9215784668922424,0.49874961376190186,0.7119425535202026,0.6687168478965759
3250,8,48,2,boundary,8,0.75,0.125,0.9558717608451843,0.9121216535568237,0.9290956258773804,0.5339586734771729,0.6925570964813232,0.5400146842002869
3271,29,48,2,boundary,8,0.625,0.25,0.9961210489273071,0.9619818329811096,0.9601752161979675,0.21859396994113922,0.46939176321029663,0.4117687940597534
3277,35,48,2,boundary,8,0.5,0.25,0.9243358373641968,0.6901377439498901,0.7551783919334412,0.5029810667037964,0.8568812012672424,0.7518450617790222
3280,38,48,2,boundary,8,0.75,0.0,0.9886729121208191,0.7035353779792786,0.7279417514801025,0.32876017689704895,0.8317598104476929,0.7524513006210327
3298,56,48,2,boundary,8,0.875,0.25,0.9945417642593384,0.5277183055877686,0.5331982970237732,0.16642512381076813,1.2305121421813965,1.2132331132888794
3370,59,49,2,boundary,8,0.5,0.125,0.9653757214546204,0.7426019906997681,0.8619416952133179,0.3182574212551117,0.8251041173934937,0.621062695980072
3387,7,50,2,boundary,8,0.625,0.25,0.9456961154937744,0.8177957534790039,0.931836724281311,0.42745792865753174,0.9006879329681396,0.7211562991142273
3417,37,50,2,boundary,8,0.875,0.0,0.9905193448066711,0.6838538646697998,0.6693320870399475,0.303976833820343,0.9605700969696045,0.874151349067688
3428,48,50,2,boundary,8,0.875,0.5,0.9777352809906006,0.8934174180030823,0.9473995566368103,0.30757230520248413,0.5379912853240967,0.38282322883605957
3463,14,51,2,boundary,8,0.75,0.375,0.9846246838569641,0.6800947785377502,0.7732549905776978,0.2321392446756363,0.8818910121917725,0.7396336793899536
3526,8,52,2,boundary,8,0.625,0.375,0.9673236012458801,0.9640049934387207,0.9350178241729736,0.45413950085639954,0.6044276356697083,0.5468434691429138
3574,56,52,2,boundary,8,0.625,0.375,0.9806018471717834,0.7458929419517517,0.7511642575263977,0.2699885666370392,0.7309412956237793,0.7001619338989258
3615,28,53,2,boundary,8,0.625,0.0,0.9901443719863892,0.6871337294578552,0.6957604289054871,0.19552619755268097,0.9351357221603394,0.8956391215324402
3694,38,54,2,boundary,8,0.625,0.125,0.9858970642089844,0.5668739676475525,0.5987028479576111,0.2024976760149002,1.0875396728515625,1.043186902999878
3705,49,54,2,boundary,8,0.5,0.25,0.9988880157470703,0.6004331707954407,0.6073945164680481,0.13265396654605865,1.0573153495788574,1.0394718647003174
3742,17,55,2,boundary,8,0.625,0.125,0.9736156463623047,0.8157093524932861,0.8350131511688232,0.38831889629364014,0.6103297472000122,0.601210355758667
3774,49,55,2,boundary,8,0.625,0.125,0.9948628544807434,0.5778827667236328,0.5977095365524292,0.18489199876785278,1.1970231533050537,1.1708316802978516
3775,50,55,2,boundary,8,0.75,0.0,0.9932863712310791,0.568407416343689,0.5432072281837463,0.20224958658218384,1.1665120124816895,1.1822452545166016
3913,50,57,2,boundary,8,0.875,0.375,0.9902675747871399,0.7277221083641052,0.7495139837265015,0.22883693873882294,0.8903266191482544,0.8313841223716736
3914,51,57,2,boundary,8,0.875,0.5,0.9974092245101929,0.7827126979827881,0.7919971942901611,0.14795945584774017,0.7529019713401794,0.7223584055900574
3949,17,58,2,boundary,8,0.625,0.0,0.9861742258071899,0.9431982040405273,0.9466841220855713,0.3602388799190521,0.6700097322463989,0.5063323378562927
4087,17,60,2,boundary,8,0.5,0.5,0.9769687652587891,0.8916797041893005,0.9256849884986877,0.4077330529689789,0.854973554611206,0.7279082536697388
9,10,1,0,interior,5,1.0,0.4,0.9388977885246277,0.7382693886756897,0.6494004726409912,0.45939886569976807,1.0530173778533936,1.2004272937774658
121,53,2,0,interior,8,1.0,0.625,0.9669829607009888,0.76804518699646,0.8449661731719971,0.3597237765789032,0.8695710897445679,0.6786184310913086
129,61,2,0,interior,8,1.0,0.5,0.9396810531616211,0.8234066963195801,0.8435094356536865,0.45385250449180603,0.98676598072052,0.8608830571174622
148,11,3,0,interior,8,1.0,0.5,0.9923346638679504,0.8740689754486084,0.8674054741859436,0.24605010449886322,0.9554703235626221,0.9139966368675232
168,31,3,0,interior,8,1.0,0.25,0.9881924390792847,0.5329671502113342,0.5834332704544067,0.3250895142555237,1.459598183631897,1.3690060377120972
198,61,3,0,interior,8,1.0,0.5,0.9906266927719116,0.812289297580719,0.8264338374137878,0.3420921266078949,1.0680521726608276,0.9664896726608276
199,62,3,0,interior,8,1.0,0.5,0.9912737607955933,0.7963034510612488,0.8190626502037048,0.32988885045051575,1.1376770734786987,1.0340626239776611
221,15,4,0,interior,8,1.0,0.625,0.9527475833892822,0.9437415599822998,0.9403945803642273,0.44842079281806946,0.7735332250595093,0.6911501884460449
254,48,4,0,interior,8,1.0,0.75,0.9874199032783508,0.9334485530853271,0.9525009393692017,0.3308548629283905,0.7567707300186157,0.6455695033073425
293,18,5,0,interior,8,1.0,0.5,0.9784215092658997,0.7239987850189209,0.7648482918739319,0.4829259216785431,1.2006275653839111,1.0427751541137695
350,6,6,0,interior,8,1.0,0.5,0.9958580732345581,0.9518502354621887,0.9582763314247131,0.21529754996299744,0.7298213243484497,0.6655941009521484
399,55,6,0,interior,8,1.0,0.5,0.979277491569519,0.7720980644226074,0.8376688957214355,0.42431122064590454,1.103010892868042,0.9174392223358154
423,10,7,0,interior,8,1.0,0.5,0.9829779863357544,0.9463163018226624,0.9502690434455872,0.3999331593513489,0.7663513422012329,0.6411140561103821
428,15,7,0,interior,8,1.0,0.375,0.9807116389274597,0.8390329480171204,0.7961469292640686,0.38729313015937805,1.0523782968521118,1.072466254234314
463,50,7,0,interior,8,1.0,0.75,0.9797304272651672,0.8911818265914917,0.9514496922492981,0.330276221036911,0.7578198313713074,0.6066784858703613
465,52,7,0,interior,8,1.0,0.625,0.9904447793960571,0.8624821305274963,0.9020384550094604,0.3293810784816742,0.9610782265663147,0.7960497140884399
549,67,8,0,interior,8,1.0,0.625,0.9880265593528748,0.9219686388969421,0.9402725696563721,0.3267609477043152,0.776932954788208,0.6799836754798889
554,3,9,0,interior,8,1.0,0.375,0.9940966367721558,0.7438296675682068,0.7886889576911926,0.20438489317893982,1.183534860610962,1.0845606327056885
563,12,9,0,interior,8,1.0,0.375,0.9510371088981628,0.8463744521141052,0.7560747861862183,0.4770454168319702,1.0425692796707153,1.1135958433151245
659,39,10,0,interior,8,1.0,0.375,0.9922880530357361,0.7475804090499878,0.7530218362808228,0.3088743984699249,1.1729834079742432,1.1407591104507446
672,52,10,0,interior,8,1.0,0.125,0.9831928014755249,0.5829386711120605,0.6812516450881958,0.3324573338031769,1.3500583171844482,1.2161633968353271
693,4,11,0,interior,8,1.0,0.5,0.989738404750824,0.7162795662879944,0.7790560722351074,0.21721187233924866,1.186508297920227,1.079114317893982
752,63,11,0,interior,8,1.0,0.75,0.9841465950012207,0.9448240399360657,0.9511018991470337,0.39951643347740173,0.7023234367370605,0.6506237983703613
755,66,11,0,interior,8,1.0,0.625,0.976466715335846,0.9024571776390076,0.950264573097229,0.36122673749923706,0.8980243802070618,0.7213799953460693
825,67,12,0,interior,8,1.0,0.5,0.9797499775886536,0.846603274345398,0.8905296921730042,0.40031498670578003,1.024566888809204,0.8844524621963501
828,1,13,0,interior,5,1.0,0.2,0.9505635499954224,0.6112303137779236,0.7815499901771545,0.3260292112827301,1.285095453262329,1.050217866897583
838,11,13,0,interior,8,1.0,0.5,0.9729795455932617,0.8976612687110901,0.8791825175285339,0.4308199882507324,0.8972756862640381,0.8654417991638184
840,13,13,0,interior,8,1.0,0.5,0.9473512172698975,0.8168734312057495,0.8082692623138428,0.511670708656311,0.9678723216056824,0.9489507675170898
841,14,13,0,interior,8,1.0,0.625,0.8670753836631775,0.5689504146575928,0.83145672082901,0.5780478715896606,1.157038927078247,0.8006015419960022
902,6,14,0,interior,8,1.0,0.375,0.9318883419036865,0.8867847919464111,0.7585359215736389,0.4040115773677826,0.8597530126571655,0.9925594925880432
1039,5,16,0,interior,8,1.0,0.375,0.9702267646789551,0.7598000764846802,0.8588470816612244,0.42181146144866943,1.065786600112915,0.8594890832901001
1238,66,18,0,interior,8,1.0,0.625,0.9477062821388245,0.9031335711479187,0.967843770980835,0.5606402158737183,0.7023619413375854,0.47490039467811584
1312,2,20,0,interior,8,1.0,0.375,0.9174374341964722,0.9042531251907349,0.813607394695282,0.35414502024650574,0.9913734793663025,1.1113624572753906
1519,2,23,0,interior,8,1.0,0.625,0.9968922734260559,0.8189383745193481,0.8163116574287415,0.1656297892332077,0.9428657293319702,0.9370005130767822
1523,6,23,0,interior,8,1.0,0.75,0.9890031814575195,0.9633971452713013,0.9409365057945251,0.29756873846054077,0.4925810694694519,0.47719404101371765
1526,9,23,0,interior,8,1.0,0.75,0.9874765872955322,0.8515208959579468,0.8850801587104797,0.3394358158111572,0.8998829126358032,0.8159078359603882
1996,65,29,0,interior,8,1.0,0.75,0.9625107645988464,0.9660294651985168,0.9082582592964172,0.4554537534713745,0.4760514497756958,0.5607610940933228
2076,7,31,0,interior,8,1.0,0.75,0.9709277749061584,0.9451061487197876,0.9840396642684937,0.44804009795188904,0.6091674566268921,0.3987622857093811
2077,8,31,0,interior,8,1.0,0.625,0.9663088917732239,0.9599372148513794,0.9751368165016174,0.5179010629653931,0.7544589042663574,0.47929948568344116
2408,63,35,0,interior,8,1.0,0.375,0.9937667846679688,0.8590459227561951,0.8695264458656311,0.2810460031032562,0.6364631056785583,0.5302085876464844
2551,68,37,0,interior,8,1.0,0.5,0.9913338422775269,0.9254963397979736,0.9549639821052551,0.28975963592529297,0.6247094869613647,0.5188364386558533
2965,68,43,0,interior,8,1.0,0.125,0.965999960899353,0.7550603747367859,0.7956823110580444,0.44273653626441956,1.0128065347671509,1.0710793733596802
3237,64,47,0,interior,8,1.0,0.625,0.8170754313468933,0.8405848741531372,0.9565446376800537,0.5833719372749329,0.6576581001281738,0.4930357038974762
3512,63,51,0,interior,8,1.0,0.25,0.9845598936080933,0.9279325008392334,0.9464852809906006,0.350816011428833,0.546357274055481,0.5487735271453857
3662,6,54,0,interior,8,1.0,0.5,0.9681024551391602,0.9027000665664673,0.920700192451477,0.4093291163444519,0.699580192565918,0.6085975766181946
3726,1,55,0,interior,5,1.0,0.4,0.9792965054512024,0.6679369807243347,0.7725993990898132,0.24099384248256683,1.2281781435012817,1.088569164276123
4007,6,59,0,interior,8,1.0,0.5,0.9948237538337708,0.854917585849762,0.8628068566322327,0.24659013748168945,0.8995180130004883,0.8540776968002319
4070,69,59,0,interior,5,1.0,0.4,0.9901376962661743,0.9510685205459595,0.9581160545349121,0.30020442605018616,0.7938084602355957,0.7463605403900146
4287,10,63,0,interior,8,1.0,0.625,0.9874603152275085,0.8547303080558777,0.864814043045044,0.367128849029541,0.9558702111244202,0.8756666779518127
4392,46,64,0,interior,8,1.0,0.5,0.9382225275039673,0.7030366659164429,0.8455624580383301,0.4084177017211914,1.0488942861557007,0.7566956281661987
4395,49,64,0,interior,8,1.0,0.75,0.9886671304702759,0.9577686190605164,0.9647413492202759,0.369706928730011,0.5427490472793579,0.4229745864868164
4441,26,65,0,interior,8,1.0,0.5,0.9544936418533325,0.943930447101593,0.9308346509933472,0.39666202664375305,0.8339145183563232,0.764030933380127
4496,12,66,0,interior,8,1.0,0.375,0.9840558767318726,0.72695392370224,0.7860506176948547,0.39239954948425293,1.1382567882537842,0.9650700092315674
4560,7,67,0,interior,8,1.0,0.75,0.8499374985694885,0.9258682131767273,0.9650733470916748,0.7396658658981323,0.6136722564697266,0.5417096614837646
4562,9,67,0,interior,8,1.0,0.5,0.9828492999076843,0.8626964092254639,0.9035918712615967,0.39557331800460815,0.8665476441383362,0.723271906375885
4567,14,67,0,interior,8,1.0,0.625,0.9722307324409485,0.8472643494606018,0.9286128282546997,0.4410213232040405,0.8924605846405029,0.6480861902236938
4597,44,67,0,interior,8,1.0,0.625,0.9856541752815247,0.9427680373191833,0.9651362895965576,0.3452969193458557,0.6183691024780273,0.5452045202255249
4600,47,67,0,interior,8,1.0,0.625,0.9834765791893005,0.9696424603462219,0.9626681208610535,0.32521429657936096,0.4833884835243225,0.4555755853652954
4654,32,68,0,interior,8,1.0,0.625,0.8817359805107117,0.7087012529373169,0.9174363613128662,0.6470268964767456,1.0643980503082275,0.7465444803237915
4696,5,69,0,interior,5,1.0,0.2,0.940782368183136,0.7218322157859802,0.5022034645080566,0.39765194058418274,1.1789188385009766,1.347595453262329
4715,24,69,0,interior,5,1.0,0.4,0.9882888793945312,0.7188733816146851,0.6975773572921753,0.3629743456840515,1.2367403507232666,1.2197706699371338
4716,25,69,0,interior,5,1.0,0.6,0.946506917476654,0.8960458040237427,0.7913745641708374,0.41495242714881897,0.9653011560440063,1.0640382766723633
4730,39,69,0,interior,5,1.0,0.6,0.9623746871948242,0.9431367516517639,0.8831996917724609,0.47280532121658325,0.7897055745124817,0.7918630242347717
4760,69,69,0,interior,3,1.0,0.3333333333333333,0.8791688680648804,0.8817628026008606,0.8068831562995911,0.6302022337913513,1.0470452308654785,1.1043920516967773
1331,21,20,1,interior,8,1.0,0.5,0.9920846819877625,0.7273614406585693,0.7433127760887146,0.17776155471801758,0.7646499872207642,0.7159168124198914
1352,42,20,1,interior,8,1.0,0.125,0.9917847514152527,0.6445484757423401,0.6526292562484741,0.24912819266319275,1.0771441459655762,1.0497329235076904
1356,46,20,1,interior,8,1.0,0.25,0.9892489314079285,0.6015308499336243,0.6393758654594421,0.2741360366344452,1.0465610027313232,0.9622281193733215
1401,22,21,1,interior,8,1.0,0.375,0.9883831143379211,0.6886892318725586,0.7155964374542236,0.23515404760837555,0.902190625667572,0.852043867111206
1404,25,21,1,interior,8,1.0,0.25,0.9962945580482483,0.730414628982544,0.7613009810447693,0.15310093760490417,0.8045265674591064,0.7614119052886963
1471,23,22,1,interior,8,1.0,0.125,0.9773736596107483,0.5628572106361389,0.5035657286643982,0.2872927188873291,1.1602274179458618,1.1828088760375977
1476,28,22,1,interior,8,1.0,0.375,0.9970365762710571,0.8656798005104065,0.8679229021072388,0.16843678057193756,0.6679061055183411,0.6505261063575745
1546,29,23,1,interior,8,1.0,0.125,0.9914554357528687,0.5927423238754272,0.6151275634765625,0.2034246325492859,1.1397552490234375,1.1145849227905273
1638,52,24,1,interior,8,1.0,0.375,0.9910961389541626,0.927665650844574,0.9306551814079285,0.25409573316574097,0.5528774857521057,0.4766492247581482
1668,13,25,1,interior,8,1.0,0.25,0.9847514629364014,0.8031787276268005,0.8495699167251587,0.44944098591804504,0.9449638724327087,0.7357746362686157
1699,44,25,1,interior,8,1.0,0.5,0.9963579773902893,0.7659223079681396,0.7692473530769348,0.16022205352783203,0.7662521600723267,0.7399255037307739
1706,51,25,1,interior,8,1.0,0.375,0.9896425008773804,0.7997536659240723,0.8413785696029663,0.24022552371025085,0.7989798784255981,0.6658473014831543
1711,56,25,1,interior,8,1.0,0.125,0.9934335350990295,0.9497354626655579,0.9374539852142334,0.2764407694339752,0.4539341330528259,0.42592334747314453
1758,34,26,1,interior,8,1.0,0.25,0.9965039491653442,0.7732061147689819,0.7655348181724548,0.18851767480373383,0.817180871963501,0.8174650073051453
1778,54,26,1,interior,8,1.0,0.125,0.9892677664756775,0.8566651344299316,0.8593201041221619,0.2963474690914154,0.6523839235305786,0.6178537607192993
1828,35,27,1,interior,8,1.0,0.125,0.9953131079673767,0.5116444230079651,0.5364199876785278,0.15555135905742645,1.1010370254516602,1.0770772695541382
1889,27,28,1,interior,8,1.0,0.25,0.9828442931175232,0.9110111594200134,0.9221653938293457,0.23429811000823975,0.5059086084365845,0.4247369170188904
1895,33,28,1,interior,8,1.0,0.625,0.9912365674972534,0.760220468044281,0.7587290406227112,0.20400625467300415,0.8027143478393555,0.783287525177002
1919,57,28,1,interior,8,1.0,0.125,0.9901726841926575,0.7798009514808655,0.7895727157592773,0.23583966493606567,0.857801079750061,0.821628987789154
1953,22,29,1,interior,8,1.0,0.375,0.992956817150116,0.895088791847229,0.8901925683021545,0.27267634868621826,0.6810460090637207,0.6227753162384033
1961,30,29,1,interior,8,1.0,0.25,0.9932555556297302,0.6769326329231262,0.701815128326416,0.1606571078300476,0.9096229076385498,0.8416574001312256
1982,51,29,1,interior,8,1.0,0.375,0.9861651062965393,0.8833046555519104,0.9067885875701904,0.2436743974685669,0.5915570855140686,0.5216923356056213
2021,21,30,1,interior,8,1.0,0.125,0.9734847545623779,0.792725145816803,0.8394107222557068,0.36713334918022156,0.7832959294319153,0.6874871850013733
2120,51,31,1,interior,8,1.0,0.375,0.9759969711303711,0.760261595249176,0.7799627780914307,0.2406284511089325,0.8306801319122314,0.7756512761116028
2171,33,32,1,interior,8,1.0,0.125,0.9969306588172913,0.5733403563499451,0.5918751955032349,0.1515505313873291,1.1219860315322876,1.107759714126587
2260,53,33,1,interior,8,1.0,0.25,0.995611310005188,0.5963468551635742,0.605178713798523,0.16674436628818512,1.0675675868988037,1.05206298828125
2325,49,34,1,interior,8,1.0,0.25,0.9920524954795837,0.6946287155151367,0.7162076830863953,0.190853551030159,0.9330312013626099,0.8767277598381042
2397,52,35,1,interior,8,1.0,0.5,0.9932485818862915,0.8318342566490173,0.860314130783081,0.15879397094249725,0.6922582387924194,0.6370260119438171
2462,48,36,1,interior,8,1.0,0.125,0.9966992139816284,0.6832126975059509,0.6930209398269653,0.19390419125556946,0.8775701522827148,0.8463512659072876
2604,52,38,1,interior,8,1.0,0.125,0.9977031350135803,0.6446008682250977,0.6552703380584717,0.13576185703277588,0.9655417203903198,0.9406431913375854
2609,57,38,1,interior,8,1.0,0.25,0.9942942261695862,0.8021783828735352,0.8292595744132996,0.19744762778282166,0.7273370623588562,0.6952621936798096
2741,51,40,1,interior,8,1.0,0.0,0.9917793869972229,0.8252925276756287,0.8188433647155762,0.16114625334739685,0.6882827281951904,0.6760759949684143
2776,17,41,1,interior,8,1.0,0.125,0.9870566129684448,0.7496333718299866,0.7503534555435181,0.2671409845352173,0.7919138669967651,0.736142635345459
2813,54,41,1,interior,8,1.0,0.375,0.987928569316864,0.6369360685348511,0.6703254580497742,0.17543892562389374,0.9349648952484131,0.8940834999084473
2815,56,41,1,interior,8,1.0,0.125,0.997952401638031,0.6537075638771057,0.6569556593894958,0.16767388582229614,1.0453672409057617,1.0299007892608643
2881,53,42,1,interior,8,1.0,0.0,0.985489010810852,0.6410499811172485,0.6715871095657349,0.19465979933738708,0.9700716733932495,0.9241458773612976
2883,55,42,1,interior,8,1.0,0.0,0.9698988795280457,0.5235019326210022,0.5326457023620605,0.2542964816093445,1.186720848083496,1.188943862915039
2928,31,43,1,interior,8,1.0,0.25,0.9961373805999756,0.5575635433197021,0.5673800706863403,0.17656463384628296,1.1200038194656372,1.0913739204406738
2947,50,43,1,interior,8,1.0,0.25,0.9901390075683594,0.7541159987449646,0.7881873846054077,0.16147074103355408,0.7666566371917725,0.7081965208053589
3053,18,45,1,interior,8,1.0,0.125,0.9893096089363098,0.5431453585624695,0.5659359693527222,0.21789401769638062,1.105711579322815,1.071528673171997
3088,53,45,1,interior,8,1.0,0.25,0.9940460324287415,0.722597062587738,0.7410566806793213,0.17107638716697693,0.9028809666633606,0.843339741230011
3122,18,46,1,interior,8,1.0,0.125,0.9954593181610107,0.498410701751709,0.49850115180015564,0.1851213276386261,1.1730550527572632,1.1473345756530762
3191,18,47,1,interior,8,1.0,0.25,0.9949988722801208,0.8082200884819031,0.8202492594718933,0.21330922842025757,0.6660202741622925,0.6053019762039185
3286,44,48,1,interior,8,1.0,0.375,0.9787325263023376,0.6365076303482056,0.6546338796615601,0.28313007950782776,0.9025291204452515,0.8401340246200562
3294,52,48,1,interior,8,1.0,0.25,0.9913298487663269,0.7971503734588623,0.8197832107543945,0.18792477250099182,0.7357279062271118,0.7255188226699829
3355,44,49,1,interior,8,1.0,0.375,0.9792698621749878,0.5974329710006714,0.6154831647872925,0.2211499661207199,1.0684902667999268,1.0383766889572144
3364,53,49,1,interior,8,1.0,0.375,0.967858612537384,0.6137902736663818,0.7019206881523132,0.2631271481513977,1.0524640083312988,0.9196286201477051
3494,45,51,1,interior,8,1.0,0.25,0.9812397360801697,0.7432169914245605,0.7863945364952087,0.3410795331001282,0.9552339911460876,0.8815395832061768
3500,51,51,1,interior,8,1.0,0.375,0.9976813793182373,0.8182755708694458,0.8135645389556885,0.15285837650299072,0.629086434841156,0.6133400797843933
3569,51,52,1,interior,8,1.0,0.5,0.9973657131195068,0.6374250054359436,0.6334888935089111,0.14315581321716309,0.90009605884552,0.8934100270271301
3630,43,53,1,interior,8,1.0,0.375,0.9902362823486328,0.6517547965049744,0.6559343934059143,0.1784311980009079,0.9373976588249207,0.9426909685134888
3640,53,53,1,interior,8,1.0,0.125,0.9965095520019531,0.6753169298171997,0.7023711204528809,0.1600092202425003,0.9383347034454346,0.8908379077911377
3765,40,55,1,interior,8,1.0,0.125,0.9976619482040405,0.47016701102256775,0.48342087864875793,0.12685570120811462,1.1966670751571655,1.1871793270111084
3839,45,56,1,interior,8,1.0,0.5,0.9446662068367004,0.6913052201271057,0.8776054978370667,0.39615023136138916,0.9339100122451782,0.6137152314186096
3903,40,57,1,interior,8,1.0,0.375,0.9676960706710815,0.791570246219635,0.8348664045333862,0.25359904766082764,0.7282601594924927,0.6414015293121338
3908,45,57,1,interior,8,1.0,0.125,0.9549455046653748,0.4980158507823944,0.6821243166923523,0.32264405488967896,1.2116674184799194,1.0257891416549683
4038,37,59,1,interior,8,1.0,0.125,0.9637921452522278,0.6668520569801331,0.7372328042984009,0.46399182081222534,0.9844410419464111,0.876896858215332
4097,27,60,1,interior,8,1.0,0.375,0.991966187953949,0.7791609764099121,0.813217043876648,0.2428250014781952,0.7080802321434021,0.6483259201049805
4098,28,60,1,interior,8,1.0,0.375,0.971604585647583,0.8394094705581665,0.761655330657959,0.2641744613647461,0.6497557163238525,0.7244208455085754
4104,34,60,1,interior,8,1.0,0.125,0.9851927161216736,0.7567132711410522,0.7900023460388184,0.23965361714363098,0.8421933650970459,0.7740163207054138
4106,36,60,1,interior,8,1.0,0.0,0.9901106357574463,0.445172518491745,0.4591295123100281,0.21557629108428955,1.2613918781280518,1.2166905403137207
4162,23,61,1,interior,8,1.0,0.125,0.9141708016395569,0.9650939702987671,0.88885897397995,0.4493773281574249,0.5043035745620728,0.4578011631965637
4184,45,61,1,interior,8,1.0,0.25,0.9941421151161194,0.4584793746471405,0.4915933310985565,0.1665252447128296,1.2525681257247925,1.2099952697753906
4318,41,63,1,interior,8,1.0,0.0,0.9846988320350647,0.7027267217636108,0.7285640835762024,0.28146806359291077,0.88770592212677,0.8737633228302002
874,47,13,2,interior,8,1.0,0.125,0.9821169376373291,0.9074662923812866,0.9507814049720764,0.44134587049484253,0.8393282890319824,0.6203300952911377
925,29,14,2,interior,8,1.0,0.25,0.9743354916572571,0.8484920859336853,0.9244397282600403,0.38557493686676025,0.7412502765655518,0.5052227973937988
938,42,14,2,interior,8,1.0,0.125,0.982154369354248,0.9358316659927368,0.9504392743110657,0.43450796604156494,0.5999506711959839,0.4242260456085205
942,46,14,2,interior,8,1.0,0.25,0.8873324394226074,0.8449148535728455,0.9785412549972534,0.6467388868331909,0.753064751625061,0.37436234951019287
995,30,15,2,interior,8,1.0,0.0,0.9815663695335388,0.6033696532249451,0.6385428309440613,0.3180677592754364,1.155022144317627,1.0699284076690674
1057,23,16,2,interior,8,1.0,0.125,0.7582260966300964,0.6720862984657288,0.9495881199836731,0.6708627939224243,0.7340695261955261,0.4021793305873871
1076,42,16,2,interior,8,1.0,0.5,0.9725986123085022,0.8293322920799255,0.8759427070617676,0.30798739194869995,0.608073353767395,0.5209224224090576
1079,45,16,2,interior,8,1.0,0.0,0.9879462718963623,0.8340179324150085,0.8387017250061035,0.32110023498535156,0.7689836025238037,0.683953046798706
1152,49,17,2,interior,8,1.0,0.25,0.9858471751213074,0.7643548250198364,0.8020192384719849,0.31639379262924194,0.8274658918380737,0.7524402141571045
1278,37,19,2,interior,8,1.0,0.125,0.9910202026367188,0.8030629754066467,0.850683867931366,0.34143543243408203,0.8112163543701172,0.669608473777771
1294,53,19,2,interior,8,1.0,0.125,0.9450745582580566,0.7921148538589478,0.8404796123504639,0.4757448434829712,0.8256621360778809,0.6618021130561829
1362,52,20,2,interior,8,1.0,0.125,0.9843162298202515,0.8577904105186462,0.8520001769065857,0.39995354413986206,0.7873589992523193,0.6376630663871765
1414,35,21,2,interior,8,1.0,0.25,0.9760767221450806,0.8246690630912781,0.853204071521759,0.29571428894996643,0.7006582021713257,0.6034584045410156
1415,36,21,2,interior,8,1.0,0.0,0.9882392287254333,0.7055819630622864,0.7317318916320801,0.2615058124065399,0.8520728349685669,0.8131082653999329
1484,36,22,2,interior,8,1.0,0.125,0.9944628477096558,0.7743710279464722,0.7720220685005188,0.21508193016052246,0.8628621101379395,0.8352259397506714
1508,60,22,2,interior,8,1.0,0.125,0.9846717715263367,0.9352097511291504,0.9131905436515808,0.3862202763557434,0.5547706484794617,0.6678783297538757
1946,15,29,2,interior,8,1.0,0.125,0.9725577235221863,0.6102995276451111,0.6330952048301697,0.34409067034721375,1.0588867664337158,0.9912428259849548
2013,13,30,2,interior,8,1.0,0.375,0.9962792992591858,0.7241403460502625,0.7430232167243958,0.18238502740859985,0.7910767793655396,0.7461404204368591
2044,44,30,2,interior,8,1.0,0.125,0.9819533228874207,0.737350344657898,0.7464556694030762,0.24511019885540009,0.8103188872337341,0.7941157817840576
2152,14,32,2,interior,8,1.0,0.125,0.9615520238876343,0.6188895106315613,0.6858140230178833,0.3256698250770569,0.9675570726394653,0.8691794276237488
2178,40,32,2,interior,8,1.0,0.125,0.9923930168151855,0.8067670464515686,0.8320581316947937,0.24527443945407867,0.746331512928009,0.6597537398338318
2219,12,33,2,interior,8,1.0,0.25,0.9904821515083313,0.7907778024673462,0.7909809947013855,0.25712069869041443,0.7975854277610779,0.7359927892684937
2225,18,33,2,interior,8,1.0,0.125,0.9903324246406555,0.7568846940994263,0.7597742080688477,0.2859984338283539,0.9135666489601135,0.8524020910263062
2248,41,33,2,interior,8,1.0,0.125,0.9941858649253845,0.7917975783348083,0.8275342583656311,0.2706339359283447,0.7704015970230103,0.6730632781982422
2358,13,35,2,interior,8,1.0,0.25,0.9896954298019409,0.9313274025917053,0.9421408772468567,0.26212888956069946,0.5437222719192505,0.46633026003837585
2367,22,35,2,interior,8,1.0,0.125,0.9915883541107178,0.7820942401885986,0.7892234325408936,0.27880460023880005,0.789896547794342,0.7372280955314636
2430,16,36,2,interior,8,1.0,0.25,0.9938551783561707,0.7378864884376526,0.742148220539093,0.26145413517951965,0.8321663737297058,0.7827998995780945
2431,17,36,2,interior,8,1.0,0.125,0.9894468188285828,0.4583837389945984,0.4620281159877777,0.23695048689842224,1.2922321557998657,1.258411169052124
2434,20,36,2,interior,8,1.0,0.25,0.9840548634529114,0.8084685206413269,0.8492052555084229,0.2808637022972107,0.8407941460609436,0.7413877844810486
2435,21,36,2,interior,8,1.0,0.125,0.9895467162132263,0.7983176708221436,0.8181580305099487,0.22226373851299286,0.7519510984420776,0.6912634372711182
2439,25,36,2,interior,8,1.0,0.375,0.9912386536598206,0.7739400267601013,0.779022753238678,0.3256874084472656,0.9577071070671082,0.8869919776916504
2498,15,37,2,interior,8,1.0,0.5,0.9731240272521973,0.8435531854629517,0.8966932892799377,0.31163913011550903,0.7173678874969482,0.5929664373397827
2509,26,37,2,interior,8,1.0,0.125,0.9934912919998169,0.7698430418968201,0.7622905969619751,0.2734294533729553,0.9196945428848267,0.8952286839485168
2528,45,37,2,interior,8,1.0,0.25,0.993106484413147,0.428170382976532,0.46237650513648987,0.3084319233894348,1.2474143505096436,1.1724786758422852
2567,15,38,2,interior,8,1.0,0.5,0.9928217530250549,0.8488472104072571,0.842417299747467,0.27157628536224365,0.6633678674697876,0.6209784150123596
2582,30,38,2,interior,8,1.0,0.0,0.9943637847900391,0.7306796312332153,0.7196115851402283,0.2431821972131729,0.9057490229606628,0.8861835598945618
2629,8,39,2,interior,8,1.0,0.375,0.9592812657356262,0.7125383019447327,0.8248908519744873,0.4626259207725525,0.9733238220214844,0.6960799694061279
2714,24,40,2,interior,8,1.0,0.375,0.9939678311347961,0.9197293519973755,0.9167890548706055,0.23848885297775269,0.5724542140960693,0.5262899994850159
2725,35,40,2,interior,8,1.0,0.375,0.9950081706047058,0.8254250288009644,0.807386577129364,0.23687386512756348,0.8065710067749023,0.783401370048523
2735,45,40,2,interior,8,1.0,0.125,0.984251856803894,0.8446637988090515,0.8725366592407227,0.339045912027359,0.7316066026687622,0.6173117160797119
2852,24,42,2,interior,8,1.0,0.25,0.9932715892791748,0.8972193002700806,0.9115098714828491,0.24956576526165009,0.639275848865509,0.538211464881897
2905,8,43,2,interior,8,1.0,0.25,0.9900213479995728,0.7936978936195374,0.8185251355171204,0.29002195596694946,0.7699233293533325,0.6927679181098938
2941,44,43,2,interior,8,1.0,0.25,0.9952872395515442,0.7946878671646118,0.797140896320343,0.2782166004180908,0.7575598955154419,0.648727297782898
2974,8,44,2,interior,8,1.0,0.625,0.9861099123954773,0.9730970859527588,0.9653820991516113,0.3090124726295471,0.4382348954677582,0.41515809297561646
3061,26,45,2,interior,8,1.0,0.0,0.9873414039611816,0.7125293612480164,0.7523874640464783,0.3126077651977539,0.9428991079330444,0.8740779161453247
3077,42,45,2,interior,8,1.0,0.125,0.9904602766036987,0.934792160987854,0.9503254294395447,0.28162604570388794,0.5061231255531311,0.40432673692703247
3145,41,46,2,interior,8,1.0,0.125,0.9962441921234131,0.6805098652839661,0.6694673895835876,0.22374197840690613,0.9144232273101807,0.8799762725830078
3212,39,47,2,interior,8,1.0,0.125,0.9966590404510498,0.6603684425354004,0.6675313711166382,0.2308603972196579,0.9366657733917236,0.9000760912895203
3398,18,50,2,interior,8,1.0,0.125,0.9867625832557678,0.8344492316246033,0.854882538318634,0.3120698928833008,0.7042323350906372,0.6320499181747437
3400,20,50,2,interior,8,1.0,0.25,0.9957619905471802,0.8814056515693665,0.8974344730377197,0.2377513349056244,0.6158404350280762,0.5391951203346252
3401,21,50,2,interior,8,1.0,0.25,0.9933310151100159,0.7831030488014221,0.7906730771064758,0.2591530382633209,0.8088666200637817,0.7547137141227722
3403,23,50,2,interior,8,1.0,0.125,0.9936786890029907,0.6785127520561218,0.6745194792747498,0.24906927347183228,0.9061564207077026,0.876335859298706
3407,27,50,2,interior,8,1.0,0.125,0.9939127564430237,0.5985691547393799,0.5720594525337219,0.22060902416706085,1.153562307357788,1.1548817157745361
3412,32,50,2,interior,8,1.0,0.0,0.9879136085510254,0.7968748211860657,0.8006994724273682,0.2664327919483185,0.8417500257492065,0.8031267523765564
3459,10,51,2,interior,8,1.0,0.125,0.9767793416976929,0.8423630595207214,0.9207653403282166,0.37569814920425415,0.6821900010108948,0.5007717609405518
3460,11,51,2,interior,8,1.0,0.375,0.9712245464324951,0.8781397938728333,0.9312352538108826,0.3528333306312561,0.6140462160110474,0.48039710521698
3467,18,51,2,interior,8,1.0,0.25,0.9855161309242249,0.9554133415222168,0.9723959565162659,0.3403875231742859,0.5184303522109985,0.32554465532302856
3468,19,51,2,interior,8,1.0,0.125,0.9933207035064697,0.7504137754440308,0.7578362226486206,0.26108431816101074,0.8770710825920105,0.800241231918335
3536,18,52,2,interior,8,1.0,0.125,0.979259729385376,0.865573525428772,0.9110323190689087,0.27674952149391174,0.595041811466217,0.49032044410705566
3540,22,52,2,interior,8,1.0,0.25,0.9927769303321838,0.7546684145927429,0.7745981812477112,0.21124577522277832,0.7482188940048218,0.7008886337280273
3545,27,52,2,interior,8,1.0,0.0,0.9773449897766113,0.6717038750648499,0.7044442892074585,0.21615150570869446,1.0364224910736084,0.9901637434959412
3554,36,52,2,interior,8,1.0,0.25,0.9952322840690613,0.9535039067268372,0.9594117403030396,0.2293643206357956,0.5063813924789429,0.4036582112312317
3623,36,53,2,interior,8,1.0,0.125,0.9864100813865662,0.7680984735488892,0.8017060160636902,0.30114877223968506,0.8224971294403076,0.720812201499939
3674,18,54,2,interior,8,1.0,0.125,0.9867911338806152,0.6712639927864075,0.6714537739753723,0.21106871962547302,0.9138880372047424,0.8783890604972839
