change,bin_index,mz,real_rank,shuffled_rank,best_positive_pcc_class,best_positive_pcc,pcc_class_1,pcc_class_2,reference_positive_0.3,reference_positive_0.4,reference_positive_0.5,reference_positive_0.6
gained_by_shuffle,79300,443.2532043457031,,224,1,0.6940676952466273,0.6940676952466273,-0.6940676952466273,1,1,1,1
gained_by_shuffle,80947,551.0148315429688,,278,2,0.2869041964185751,-0.2869041964185751,0.2869041964185751,0,0,0,0
gained_by_shuffle,82344,687.4354858398438,,306,1,0.635630836804286,0.635630836804286,-0.635630836804286,1,1,1,1
gained_by_shuffle,79905,479.3271179199219,,314,1,0.6163004245464286,0.6163004245464286,-0.6163004245464286,1,1,1,1
gained_by_shuffle,78457,409.13214111328125,,330,2,0.29734450634410314,-0.29734450634410314,0.29734450634410314,0,0,0,0
gained_by_shuffle,79760,469.151611328125,,356,1,0.678560028518977,0.678560028518977,-0.678560028518977,1,1,1,1
gained_by_shuffle,79589,460.25177001953125,,368,1,0.5444582496782978,0.5444582496782978,-0.5444582496782978,1,1,1,0
gained_by_shuffle,76523,329.0057678222656,,376,2,0.5929220091937352,-0.5929220091937352,0.5929220091937352,1,1,1,0
gained_by_shuffle,80260,501.3141174316406,,390,1,0.5373524639494742,0.5373524639494742,-0.5373524639494742,1,1,1,0
gained_by_shuffle,82670,725.49951171875,,396,1,0.7784911186222347,0.7784911186222347,-0.7784911186222347,1,1,1,1
gained_by_shuffle,80212,498.1500244140625,,399,1,0.22520668758815962,0.22520668758815962,-0.22520668758815962,0,0,0,0
gained_by_shuffle,78443,408.97662353515625,,400,2,0.3227535868256332,-0.3227535868256332,0.3227535868256332,1,0,0,0
gained_by_shuffle,81029,558.1666870117188,,401,1,0.25377141557709193,0.25377141557709193,-0.25377141557709193,0,0,0,0
gained_by_shuffle,82669,725.4909057617188,,408,1,0.6858744035875203,0.6858744035875203,-0.6858744035875203,1,1,1,1
gained_by_shuffle,81849,625.5105590820312,,410,1,0.5818029287188308,0.5818029287188308,-0.5818029287188308,1,1,1,0
gained_by_shuffle,81615,607.5084838867188,,412,1,0.5999423199210512,0.5999423199210512,-0.5999423199210512,1,1,1,0
gained_by_shuffle,80821,543.248291015625,,420,1,0.45276546467198503,0.45276546467198503,-0.45276546467198503,1,1,0,0
gained_by_shuffle,82112,656.5697021484375,,424,1,0.41110985313957105,0.41110985313957105,-0.41110985313957105,1,1,0,0
gained_by_shuffle,72502,205.3946533203125,,425,1,0.28307651415624674,0.28307651415624674,-0.28307651415624674,0,0,0,0
gained_by_shuffle,78300,405.9847106933594,,426,2,0.6353054334515701,-0.6353054334515701,0.6353054334515701,1,1,1,1
gained_by_shuffle,78334,406.9542236328125,,431,2,0.4653770163570012,-0.4653770163570012,0.4653770163570012,1,1,0,0
gained_by_shuffle,81886,629.8764038085938,,433,2,0.5422716194697281,-0.5422716194697281,0.5422716194697281,1,1,1,0
gained_by_shuffle,76727,356.6833190917969,,436,1,0.38103413666449726,0.38103413666449726,-0.38103413666449726,1,0,0,0
gained_by_shuffle,80048,487.2217102050781,,438,1,0.7141218757372255,0.7141218757372255,-0.7141218757372255,1,1,1,1
gained_by_shuffle,81144,565.9114990234375,,439,2,0.5348223439212428,-0.5348223439212428,0.5348223439212428,1,1,1,0
gained_by_shuffle,80245,500.31097412109375,,444,1,0.6410353676525314,0.6410353676525314,-0.6410353676525314,1,1,1,1
gained_by_shuffle,78235,404.09515380859375,,446,1,0.8025334887248113,0.8025334887248113,-0.8025334887248113,1,1,1,1
gained_by_shuffle,81158,566.8956909179688,,447,2,0.5071341485281737,-0.5071341485281737,0.5071341485281737,1,1,1,0
gained_by_shuffle,74197,237.81678771972656,,448,1,0.8407973364353342,0.8407973364353342,-0.8407973364353342,1,1,1,1
gained_by_shuffle,82639,721.9563598632812,,449,2,0.3740045143772994,-0.3740045143772994,0.3740045143772994,1,0,0,0
gained_by_shuffle,69719,183.6483612060547,,454,1,0.8443599742966791,0.8443599742966791,-0.8443599742966791,1,1,1,1
gained_by_shuffle,75925,275.754150390625,,456,1,0.8691004368620023,0.8691004368620023,-0.8691004368620023,1,1,1,1
gained_by_shuffle,79179,437.02227783203125,,458,2,0.3255996160849841,-0.3255996160849841,0.3255996160849841,1,0,0,0
lost_by_shuffle,81245,575.5029907226562,274,,2,0.41102256770013057,-0.41102256770013057,0.41102256770013057,1,1,0,0
lost_by_shuffle,76828,366.2828063964844,276,,2,0.5097115384649946,-0.5097115384649946,0.5097115384649946,1,1,1,0
lost_by_shuffle,80068,488.97760009765625,298,,2,0.6427037849022145,-0.6427037849022145,0.6427037849022145,1,1,1,1
lost_by_shuffle,80603,526.9338989257812,310,,2,0.6315485899160144,-0.6315485899160144,0.6315485899160144,1,1,1,1
lost_by_shuffle,78027,399.149658203125,322,,2,0.6719806843807264,-0.6719806843807264,0.6719806843807264,1,1,1,1
lost_by_shuffle,78803,422.9280090332031,340,,2,0.1912593296129895,-0.1912593296129895,0.1912593296129895,0,0,0,0
lost_by_shuffle,79669,465.02880859375,356,,2,0.6833179718547472,-0.6833179718547472,0.6833179718547472,1,1,1,1
lost_by_shuffle,81605,606.5536499023438,366,,1,0.1403325910593629,0.1403325910593629,-0.1403325910593629,0,0,0,0
lost_by_shuffle,82191,665.988525390625,370,,2,0.3761004737529817,-0.3761004737529817,0.3761004737529817,1,0,0,0
lost_by_shuffle,80544,523.0260620117188,371,,1,0.5442621609514134,0.5442621609514134,-0.5442621609514134,1,1,1,0
lost_by_shuffle,80323,504.9755554199219,386,,2,0.6144207794969418,-0.6144207794969418,0.6144207794969418,1,1,1,1
lost_by_shuffle,81366,584.9180297851562,388,,2,0.4665998351920068,-0.4665998351920068,0.4665998351920068,1,1,0,0
lost_by_shuffle,79272,441.9812927246094,396,,2,0.6469671095921897,-0.6469671095921897,0.6469671095921897,1,1,1,1
lost_by_shuffle,82098,655.1400756835938,402,,1,0.2179750474457606,0.2179750474457606,-0.2179750474457606,0,0,0,0
lost_by_shuffle,81411,588.3063354492188,408,,1,0.5777801133939907,0.5777801133939907,-0.5777801133939907,1,1,1,0
lost_by_shuffle,81883,629.5497436523438,412,,2,0.54685319238116,-0.54685319238116,0.54685319238116,1,1,1,0
lost_by_shuffle,81850,625.518798828125,413,,1,0.5220736794724457,0.5220736794724457,-0.5220736794724457,1,1,1,0
lost_by_shuffle,81330,582.2958374023438,418,,1,0.6910581991478054,0.6910581991478054,-0.6910581991478054,1,1,1,1
lost_by_shuffle,79654,464.0138244628906,420,,2,0.7047823789933665,-0.7047823789933665,0.7047823789933665,1,1,1,1
lost_by_shuffle,80808,542.9076538085938,422,,2,0.4374416330913735,-0.4374416330913735,0.4374416330913735,1,1,0,0
lost_by_shuffle,78758,421.052978515625,431,,2,0.6399094033992145,-0.6399094033992145,0.6399094033992145,1,1,1,1
lost_by_shuffle,77633,387.28936767578125,432,,2,0.48287714409577753,-0.48287714409577753,0.48287714409577753,1,1,0,0
lost_by_shuffle,82270,679.9443359375,434,,2,0.4874061869374962,-0.4874061869374962,0.4874061869374962,1,1,0,0
lost_by_shuffle,74141,236.83558654785156,441,,1,0.8138111989997041,0.8138111989997041,-0.8138111989997041,1,1,1,1
lost_by_shuffle,76674,350.9876403808594,445,,2,0.7174711761039972,-0.7174711761039972,0.7174711761039972,1,1,1,1
lost_by_shuffle,82644,722.4815673828125,446,,2,0.5033806084471208,-0.5033806084471208,0.5033806084471208,1,1,1,0
lost_by_shuffle,73451,224.52642822265625,447,,2,0.6397548777683654,-0.6397548777683654,0.6397548777683654,1,1,1,1
lost_by_shuffle,82198,666.4834594726562,448,,2,0.7147862719082251,-0.7147862719082251,0.7147862719082251,1,1,1,1
lost_by_shuffle,81388,586.0670166015625,449,,2,0.6530808233464506,-0.6530808233464506,0.6530808233464506,1,1,1,1
lost_by_shuffle,81988,641.9990844726562,451,,1,0.4329752076653584,0.4329752076653584,-0.4329752076653584,1,1,0,0
lost_by_shuffle,81180,568.2802124023438,452,,1,0.7608860794045329,0.7608860794045329,-0.7608860794045329,1,1,1,1
lost_by_shuffle,78239,404.1200866699219,453,,1,0.5440762922926192,0.5440762922926192,-0.5440762922926192,1,1,1,0
lost_by_shuffle,79804,471.98785400390625,454,,2,0.5724479138078551,-0.5724479138078551,0.5724479138078551,1,1,1,0
