collection,section,matched_peaks,real_mSCF1,shuffled_mSCF1,shuffled_minus_real_mSCF1,shared_bins,changed_bins_each_ranking,fraction_replaced
CAC,40TopL,315,0.6944328916757309,0.6927133387729607,-0.0017195529027701495,296,19,0.06031746031746032
CAC,160TopL,210,0.46617107007992364,0.4843193635924913,0.018148293512567637,179,31,0.14761904761904762
CAC,200TopL,221,0.6564555349273775,0.6512869746740715,-0.0051685602533060315,215,6,0.027149321266968326
CAC,240TopL,255,0.6101339848168426,0.5710112293478516,-0.03912275546899091,218,37,0.1450980392156863
CAC,280TopL,245,0.3941662076551071,0.3990088226672137,0.004842615012106588,221,24,0.09795918367346938
CAC,360TopL,247,0.5463195684603768,0.5639047328074809,0.01758516434710411,235,12,0.048582995951417005
CAC,400TopL,133,0.36272883905582615,0.4091807973966618,0.04645195834083565,105,28,0.21052631578947367
CAC,520TopL,232,0.6988368033408403,0.6968246930533674,-0.0020121102874729457,217,15,0.06465517241379311
GBM,GBM108_positive,530,0.5623974710106552,0.5699470360653593,0.007549565054704166,508,22,0.04150943396226415
GBM,GBM108_negative,458,0.540378751886047,0.5360226554481351,-0.004356096437911905,425,33,0.07205240174672489
GBM,GBM12_1,453,0.28750465584775853,0.2968605743003849,0.0093559184526264,405,48,0.10596026490066225
GBM,GBM12_2,478,0.454337287017088,0.5027439656598929,0.0484066786428049,425,53,0.1108786610878661
GBM,GBM22_1,589,0.5337662881966463,0.5354924059800382,0.0017261177833919339,547,42,0.07130730050933787
GBM,GBM22_2,464,0.43644709993897235,0.46778647929507877,0.03133937935610642,411,53,0.11422413793103449
GBM,GBM39_1,686,0.4387430951822357,0.45804824664052746,0.01930515145829176,643,43,0.06268221574344024
GBM,GBM39_2,523,0.45604649669406294,0.4894509884515873,0.03340449175752436,478,45,0.08604206500956023
