list,group,first_mz,last_mz,bins,width_da,width_ppm
widest_groups,16930,970.8499145507812,971.210693359375,17,0.36077880859375,371.61131003517136
widest_groups,17067,997.4200439453125,997.7167358398438,13,0.29669189453125,297.45932652173303
widest_groups,16758,922.332275390625,922.5919799804688,12,0.25970458984375,281.5737850372418
widest_groups,16995,985.5900268554688,985.8431396484375,13,0.25311279296875,256.8134681479154
widest_groups,16891,961.4248046875,961.6635131835938,14,0.23870849609375,248.28618414035972
widest_groups,17059,996.5311889648438,996.7689819335938,14,0.23779296875,238.62069886343417
widest_groups,17043,994.4749145507812,994.6884765625,11,0.21356201171875,214.7485156176303
widest_groups,16725,911.1499633789062,911.3604736328125,12,0.21051025390625,231.03798756199726
widest_groups,17019,989.8721923828125,990.08154296875,12,0.2093505859375,211.49254171243354
widest_groups,16989,984.4353637695312,984.64013671875,11,0.20477294921875,208.01055788431626
largest_groups,3649,122.42069244384766,122.44204711914062,24,0.02135467529296875,174.43681183851976
largest_groups,10074,146.89923095703125,146.93499755859375,23,0.0357666015625,243.477119175402
largest_groups,3928,123.01644897460938,123.02181243896484,22,0.00536346435546875,43.59957062795537
largest_groups,3794,122.73828125,122.74362182617188,21,0.005340576171875,43.511902867508994
largest_groups,7690,131.89794921875,131.90774536132812,21,0.009796142578125,74.27062085611583
largest_groups,513,115.97209167480469,115.980712890625,20,0.0086212158203125,74.33871111411098
largest_groups,2326,119.83096313476562,119.83770751953125,20,0.006744384765625,56.28248817494737
largest_groups,3088,121.3182373046875,121.32352447509766,20,0.00528717041015625,43.581002556752146
largest_groups,3506,122.10082244873047,122.11054992675781,20,0.00972747802734375,79.66758808220371
largest_groups,3922,123.00146484375,123.00785827636719,20,0.0063934326171875,51.978507941422826
