job_id,stage,wall_seconds,cpu_seconds,max_rss_gib,sampled_gpu_memory_mib
65630,s3pl_full,151.18,120.13999999999999,1.3120613098144531,315.0
65630,vae_train,83.21,73.84,1.1282234191894531,237.0
65630,vae_attribution,13.29,6.06,1.1767959594726562,191.0
65630,vae_peak_evaluation,38.8,4.95,0.2868156433105469,1.0
65854,s3pl_full,173.9,118.27,1.313385009765625,315.0
65854,vae_train,90.33,75.92999999999999,1.1723175048828125,237.0
65854,vae_attribution,27.94,7.21,1.1789627075195312,191.0
65854,vae_peak_evaluation,3.36,1.78,0.2883415222167969,1.0
65855,s3pl_full,173.87,118.32000000000001,1.3159675598144531,315.0
65855,vae_train,88.74,74.49,1.1526756286621094,237.0
65855,vae_attribution,29.82,7.3100000000000005,1.1747779846191406,191.0
65855,vae_peak_evaluation,3.31,1.83,0.2877082824707031,1.0
