dataset,initialization_seed,sample_order_seed,epochs,patch_size,mSCF1,final_reconstruction_loss,selected_peak_count,metrics_path
GBM108_positive,1,1,10,3,0.026,0.01992891915142536,581,code/msi/reproducibility/s3pl_massnet/GBM108_positive_p3_rng_init1_order1/results/baselines/s3pl/GBM108_positive_Attention3DConvAutoencoder_10epochs_256_spectral_patch_size_3/metrics.json
GBM108_positive,2,1,10,3,0.444,0.01827932707965374,581,code/msi/reproducibility/s3pl_massnet/GBM108_positive_p3_rng_init2_order1/results/baselines/s3pl/GBM108_positive_Attention3DConvAutoencoder_10epochs_256_spectral_patch_size_3/metrics.json
GBM108_positive,3,1,10,3,0.079,0.020008957013487816,581,code/msi/reproducibility/s3pl_massnet/GBM108_positive_p3_rng_init3_order1/results/baselines/s3pl/GBM108_positive_Attention3DConvAutoencoder_10epochs_256_spectral_patch_size_3/metrics.json
GBM108_negative,1,1,10,3,0.357,0.01850520819425583,937,code/msi/reproducibility/s3pl_massnet/GBM108_negative_p3_rng_init1_order1/results/baselines/s3pl/GBM108_negative_Attention3DConvAutoencoder_10epochs_256_spectral_patch_size_3/metrics.json
GBM108_negative,2,1,10,3,0.57,0.01672423630952835,937,code/msi/reproducibility/s3pl_massnet/GBM108_negative_p3_rng_init2_order1/results/baselines/s3pl/GBM108_negative_Attention3DConvAutoencoder_10epochs_256_spectral_patch_size_3/metrics.json
GBM108_negative,3,1,10,3,0.659,0.01707703433930874,937,code/msi/reproducibility/s3pl_massnet/GBM108_negative_p3_rng_init3_order1/results/baselines/s3pl/GBM108_negative_Attention3DConvAutoencoder_10epochs_256_spectral_patch_size_3/metrics.json
GBM12_1,1,1,10,3,0.131,0.017759548500180244,691,code/msi/reproducibility/s3pl_massnet/GBM12_1_p3_rng_init1_order1/results/baselines/s3pl/GBM12_1_Attention3DConvAutoencoder_10epochs_256_spectral_patch_size_3/metrics.json
GBM12_1,2,1,10,3,0.075,0.01772821880877018,691,code/msi/reproducibility/s3pl_massnet/GBM12_1_p3_rng_init2_order1/results/baselines/s3pl/GBM12_1_Attention3DConvAutoencoder_10epochs_256_spectral_patch_size_3/metrics.json
GBM12_1,3,1,10,3,0.099,0.017748329788446426,691,code/msi/reproducibility/s3pl_massnet/GBM12_1_p3_rng_init3_order1/results/baselines/s3pl/GBM12_1_Attention3DConvAutoencoder_10epochs_256_spectral_patch_size_3/metrics.json
GBM12_2,1,1,10,3,0.508,0.017977269366383553,981,code/msi/reproducibility/s3pl_massnet/GBM12_2_p3_rng_init1_order1/results/baselines/s3pl/GBM12_2_Attention3DConvAutoencoder_10epochs_256_spectral_patch_size_3/metrics.json
GBM12_2,2,1,10,3,0.273,0.017862485721707344,981,code/msi/reproducibility/s3pl_massnet/GBM12_2_p3_rng_init2_order1/results/baselines/s3pl/GBM12_2_Attention3DConvAutoencoder_10epochs_256_spectral_patch_size_3/metrics.json
GBM12_2,3,1,10,3,0.488,0.017936212942004204,981,code/msi/reproducibility/s3pl_massnet/GBM12_2_p3_rng_init3_order1/results/baselines/s3pl/GBM12_2_Attention3DConvAutoencoder_10epochs_256_spectral_patch_size_3/metrics.json
GBM22_1,1,1,10,3,0.292,0.017338024452328682,845,code/msi/reproducibility/s3pl_massnet/GBM22_1_p3_rng_init1_order1/results/baselines/s3pl/GBM22_1_Attention3DConvAutoencoder_10epochs_256_spectral_patch_size_3/metrics.json
GBM22_1,2,1,10,3,0.171,0.01727181486785412,845,code/msi/reproducibility/s3pl_massnet/GBM22_1_p3_rng_init2_order1/results/baselines/s3pl/GBM22_1_Attention3DConvAutoencoder_10epochs_256_spectral_patch_size_3/metrics.json
GBM22_1,3,1,10,3,0.257,0.017319610342383385,845,code/msi/reproducibility/s3pl_massnet/GBM22_1_p3_rng_init3_order1/results/baselines/s3pl/GBM22_1_Attention3DConvAutoencoder_10epochs_256_spectral_patch_size_3/metrics.json
GBM22_2,1,1,10,3,0.349,0.017373036593198776,1014,code/msi/reproducibility/s3pl_massnet/GBM22_2_p3_rng_init1_order1/results/baselines/s3pl/GBM22_2_Attention3DConvAutoencoder_10epochs_256_spectral_patch_size_3/metrics.json
GBM22_2,2,1,10,3,0.29,0.017327362671494484,1014,code/msi/reproducibility/s3pl_massnet/GBM22_2_p3_rng_init2_order1/results/baselines/s3pl/GBM22_2_Attention3DConvAutoencoder_10epochs_256_spectral_patch_size_3/metrics.json
GBM22_2,3,1,10,3,0.332,0.017349766567349434,1014,code/msi/reproducibility/s3pl_massnet/GBM22_2_p3_rng_init3_order1/results/baselines/s3pl/GBM22_2_Attention3DConvAutoencoder_10epochs_256_spectral_patch_size_3/metrics.json
GBM39_1,1,1,10,3,0.277,0.01709911786019802,696,code/msi/reproducibility/s3pl_massnet/GBM39_1_p3_rng_init1_order1/results/baselines/s3pl/GBM39_1_Attention3DConvAutoencoder_10epochs_256_spectral_patch_size_3/metrics.json
GBM39_1,2,1,10,3,0.137,0.01702047698199749,696,code/msi/reproducibility/s3pl_massnet/GBM39_1_p3_rng_init2_order1/results/baselines/s3pl/GBM39_1_Attention3DConvAutoencoder_10epochs_256_spectral_patch_size_3/metrics.json
GBM39_1,3,1,10,3,0.206,0.01705554872751236,696,code/msi/reproducibility/s3pl_massnet/GBM39_1_p3_rng_init3_order1/results/baselines/s3pl/GBM39_1_Attention3DConvAutoencoder_10epochs_256_spectral_patch_size_3/metrics.json
GBM39_2,1,1,10,3,0.464,0.01936969719827175,917,code/msi/reproducibility/s3pl_massnet/GBM39_2_p3_rng_init1_order1/results/baselines/s3pl/GBM39_2_Attention3DConvAutoencoder_10epochs_256_spectral_patch_size_3/metrics.json
GBM39_2,2,1,10,3,0.487,0.01756490208208561,917,code/msi/reproducibility/s3pl_massnet/GBM39_2_p3_rng_init2_order1/results/baselines/s3pl/GBM39_2_Attention3DConvAutoencoder_10epochs_256_spectral_patch_size_3/metrics.json
GBM39_2,3,1,10,3,0.595,0.01802583783864975,917,code/msi/reproducibility/s3pl_massnet/GBM39_2_p3_rng_init3_order1/results/baselines/s3pl/GBM39_2_Attention3DConvAutoencoder_10epochs_256_spectral_patch_size_3/metrics.json
