rank,mz,pixel_topk_votes,selected
1,496.33643,2406,True
2,478.32938,2406,True
3,428.0367,2406,True
4,367.96487,2406,True
5,239.16678,2406,True
6,122.32207,2406,True
7,577.5188,2405,True
8,366.96176,2405,True
9,136.35382,2405,True
10,368.95972,2404,True
11,244.85773,2404,True
12,183.48471,2404,True
13,465.0217,2403,True
14,423.98782,2403,True
15,368.9639,2402,True
16,248.1748,2402,True
17,244.86589,2401,True
18,496.3399,2400,True
19,576.36566,2398,True
20,410.05872,2398,True
21,408.00803,2397,True
22,204.53078,2397,True
23,496.34512,2396,True
24,423.98193,2396,True
25,551.49915,2393,True
26,165.44928,2389,True
27,367.2895,2388,True
28,449.04776,2386,True
29,386.03098,2381,True
30,366.96555,2381,True
31,239.16557,2377,True
32,386.02606,2375,True
33,366.9586,2368,True
34,159.44565,2366,True
35,252.17493,2364,True
36,422.928,2358,True
37,578.5132,2353,True
38,606.55365,2350,True
39,478.33636,2350,True
40,356.73468,2350,True
41,411.06207,2343,True
42,551.5034,2330,True
43,409.05554,2329,True
44,183.48526,2326,True
45,579.526,2322,True
46,367.26953,2320,True
47,122.32319,2314,True
48,367.969,2293,True
49,136.35431,2291,True
50,579.53467,2288,True
51,465.0288,2257,True
52,382.06815,2247,True
53,183.64424,2239,True
54,183.48148,2230,True
55,384.0028,2228,True
56,409.06067,2227,True
57,136.35255,2221,True
58,252.17343,2218,True
59,715.45795,2215,True
60,224.52643,2215,True
61,564.2484,2211,True
62,211.99335,2209,True
63,483.03235,2187,True
64,399.1444,2185,True
65,183.64836,2177,True
66,406.94992,2173,True
67,425.98624,2169,True
68,369.35156,2163,True
69,237.82396,2163,True
70,368.02304,2157,True
71,165.45,2149,True
72,204.52608,2138,True
73,159.44444,2128,True
74,366.90582,2109,True
75,586.067,2107,True
76,237.81679,2096,True
77,368.9658,2092,True
78,367.01138,2087,True
79,159.44637,2076,True
80,366.9118,2072,True
81,459.2481,2069,True
82,356.71616,2066,True
83,146.91661,2064,True
84,479.33252,2061,True
85,275.75415,2036,True
86,524.37085,2034,True
87,550.35004,2033,True
88,381.0604,2027,True
89,576.5068,2011,True
90,211.9945,2007,True
91,497.34286,2002,True
92,506.36017,1982,True
93,385.27377,1981,True
94,205.02972,1975,True
95,598.9364,1971,True
96,244.85013,1948,True
97,392.03415,1946,True
98,616.3375,1942,True
99,402.0212,1941,True
100,480.3355,1940,True
101,544.33936,1939,True
102,146.91899,1934,True
103,122.321785,1928,True
104,410.06387,1921,True
105,715.4495,1913,True
106,214.02068,1911,True
107,248.17625,1907,True
108,449.20682,1898,True
109,122.4317,1891,True
110,408.01352,1886,True
111,411.0597,1884,True
112,366.90897,1880,True
113,122.43015,1875,True
114,183.6402,1862,True
115,211.99124,1858,True
116,617.18396,1856,True
117,146.91422,1856,True
118,409.1247,1850,True
119,224.52762,1846,True
120,725.5082,1841,True
121,325.77078,1838,True
122,712.48706,1836,True
123,428.0423,1829,True
124,367.8,1829,True
125,348.74692,1828,True
126,178.36687,1821,True
127,429.03976,1818,True
128,725.4995,1811,True
129,275.75253,1802,True
130,568.34015,1782,True
131,367.01675,1781,True
132,369.35574,1775,True
133,184.48239,1769,True
134,205.03278,1762,True
135,399.14966,1753,True
136,367.25183,1751,True
137,356.7532,1750,True
138,550.3863,1744,True
139,178.36305,1742,True
140,625.5188,1739,True
141,549.5436,1731,True
142,244.87321,1718,True
143,193.01598,1716,True
144,184.48167,1713,True
145,407.94473,1698,True
146,734.81555,1686,True
147,496.348,1686,True
148,142.6941,1669,True
149,288.76776,1652,True
150,288.75974,1639,True
151,236.83559,1635,True
152,142.692,1631,True
153,695.4623,1624,True
154,487.2217,1614,True
155,459.2273,1613,True
156,407.03973,1608,True
157,734.2393,1597,True
158,602.3218,1588,True
159,357.2402,1578,True
160,236.83441,1570,True
161,366.28534,1569,True
162,483.02356,1564,True
163,464.08105,1561,True
164,367.30945,1551,True
165,366.90265,1548,True
166,549.2262,1543,True
167,261.18112,1541,True
168,497.33707,1518,True
169,658.38385,1516,True
170,325.76852,1507,True
171,393.9161,1502,True
172,602.006,1496,True
173,232.49875,1495,True
174,409.13214,1481,True
175,214.02187,1480,True
176,232.49748,1476,True
177,502.9778,1455,True
178,504.35266,1439,True
179,348.74435,1437,True
180,382.0637,1432,True
181,183.65208,1424,True
182,577.529,1417,True
183,655.9359,1398,True
184,712.49536,1396,True
185,289.26495,1393,True
186,695.5179,1387,True
187,534.2955,1385,True
188,407.01642,1385,True
189,734.88904,1378,True
190,732.6093,1378,True
191,699.48376,1357,True
192,711.49115,1354,True
193,577.511,1353,True
194,357.22165,1348,True
195,449.043,1342,True
196,118.91164,1342,True
197,599.96967,1321,True
198,404.10858,1317,True
199,289.26694,1315,True
200,565.0544,1314,True
201,505.95245,1308,True
202,356.69974,1306,True
203,367.77966,1304,True
204,467.04602,1286,True
205,429.18066,1285,True
206,480.34473,1281,True
207,248.17033,1280,True
208,421.04883,1277,True
209,165.44742,1275,True
210,487.97452,1271,True
211,237.80975,1268,True
212,204.52686,1262,True
213,598.9246,1256,True
214,214.01852,1245,True
215,542.97,1234,True
216,365.81985,1220,True
217,522.36426,1215,True
218,369.34836,1209,True
219,368.95654,1202,True
220,248.67442,1202,True
221,605.5501,1185,True
222,711.4353,1175,True
223,248.67603,1170,True
224,713.21106,1168,True
225,355.25894,1152,True
226,456.10544,1148,True
227,386.02258,1143,True
228,497.35098,1135,True
229,383.99695,1135,True
230,122.42864,1125,True
231,183.98518,1123,True
232,367.33572,1122,True
233,551.3536,1108,True
234,576.34534,1096,True
235,449.05438,1089,True
236,468.008,1087,True
237,391.03314,1081,True
238,118.91018,1081,True
239,734.1672,1078,True
240,576.57153,1078,True
241,733.61224,1075,True
242,393.29974,1070,True
243,546.5243,1063,True
244,653.54114,1060,True
245,720.5753,1057,True
246,699.4723,1043,True
247,409.1298,1034,True
248,367.962,1031,True
249,146.92122,1018,True
250,385.27832,1007,True
251,402.02612,1000,True
252,525.93024,997,True
253,245.19537,987,True
254,734.9537,985,True
255,388.03046,976,True
256,422.9339,975,True
257,601.519,967,True
258,653.5502,966,True
259,467.03732,957,True
260,467.01993,950,True
261,525.3744,948,True
262,122.43318,945,True
263,193.01501,935,True
264,262.19003,914,True
265,204.5298,902,True
266,600.92255,900,True
267,406.95422,900,True
268,577.3537,896,True
269,365.80008,889,True
270,504.97556,874,True
271,244.84296,856,True
272,656.3684,853,True
273,592.3972,833,True
274,713.14056,829,True
275,502.90298,823,True
276,564.0504,817,True
277,489.9786,816,True
278,183.6364,816,True
279,288.75797,815,True
280,199.57404,815,True
281,523.47205,807,True
282,262.18857,807,True
283,520.5084,805,True
284,400.342,805,True
285,628.3946,797,True
286,541.91394,791,True
287,136.00452,791,True
288,688.39514,790,True
289,146.91194,789,True
290,485.05667,765,True
291,408.96054,762,True
292,355.24118,762,True
293,625.51056,761,True
294,461.959,743,True
295,141.33055,742,True
296,178.37038,738,True
297,629.54974,729,True
298,549.4876,729,True
299,660.3872,728,True
300,467.9967,728,True
301,464.01382,726,True
302,408.97192,721,True
303,425.99774,719,True
304,183.9843,716,True
305,527.3324,707,True
306,420.02393,692,True
307,261.1827,687,True
308,366.2828,686,True
309,450.02533,683,True
310,449.21347,682,True
311,424.00302,681,True
312,504.95163,675,True
313,128.6773,673,True
314,713.7535,672,True
315,422.9234,671,True
316,410.05478,670,True
317,381.06482,665,True
318,408.97073,655,True
319,288.7658,653,True
320,550.49084,649,True
321,404.09515,639,True
322,448.34222,634,True
323,553.95087,632,True
324,420.01978,632,True
325,465.01712,612,True
326,386.04706,612,True
327,664.3985,605,True
328,655.5655,605,True
329,559.9979,604,True
330,326.27597,604,True
331,732.5539,603,True
332,183.47911,602,True
333,568.2802,601,True
334,478.324,599,True
335,238.15619,599,True
336,489.9724,598,True
337,391.0213,597,True
338,460.25177,582,True
339,425.9803,581,True
340,602.0409,577,True
341,237.8314,577,True
342,658.37164,575,True
343,684.4635,573,True
344,536.3024,568,True
345,479.34006,561,True
346,480.9287,560,True
347,650.47485,551,True
348,644.0186,548,True
349,460.25873,547,True
350,546.3533,546,True
351,504.34488,545,True
352,524.3799,542,True
353,607.5085,539,True
354,524.3624,534,True
355,199.5732,532,True
356,660.3995,531,True
357,467.0281,531,True
358,503.96902,526,True
359,705.59,525,True
360,606.4129,525,True
361,487.18384,525,True
362,244.88025,523,True
363,235.51692,523,True
364,183.48787,523,True
365,606.8863,522,True
366,502.329,522,True
367,232.99908,521,True
368,370.0564,518,True
369,586.2307,513,True
370,582.96277,513,True
371,503.9565,511,True
372,643.8522,509,True
373,416.91492,509,True
374,392.02945,508,True
375,416.90228,503,True
376,408.9876,503,True
377,149.68523,496,True
378,141.32877,495,True
379,567.94086,494,True
380,457.17584,493,True
381,438.0346,492,True
382,733.55664,491,True
383,465.99268,491,True
384,589.9225,487,True
385,520.87494,482,True
386,399.97067,482,True
387,616.17706,475,True
388,245.20314,473,True
389,544.3164,472,True
390,583.91437,461,True
391,684.4723,458,True
392,408.97662,458,True
393,451.05447,455,True
394,449.02692,451,True
395,381.05664,451,True
396,289.7706,444,True
397,461.938,436,True
398,583.9055,434,True
399,545.0602,433,True
400,390.97644,430,True
401,627.86676,422,True
402,725.4909,421,True
403,529.98456,421,True
404,651.53424,420,True
405,576.94556,420,True
406,235.51588,420,True
407,472.00043,418,True
408,506.35175,413,True
409,232.99654,413,True
410,735.91473,412,True
411,599.94006,412,True
412,578.52264,410,True
413,529.2807,410,True
414,155.333,409,True
415,582.9508,398,True
416,629.5414,396,True
417,522.3553,394,True
418,142.68971,394,True
419,444.26453,393,True
420,607.557,389,True
421,630.35266,385,True
422,424.98553,385,True
423,600.5058,382,True
424,400.95993,379,True
425,429.03372,377,True
426,716.45294,371,True
427,466.99585,371,True
428,617.18036,370,True
429,567.928,370,True
430,468.01675,370,True
431,430.0523,369,True
432,551.33215,367,True
433,349.24893,367,True
434,263.5386,367,True
435,511.09647,365,True
436,518.3218,363,True
437,551.51276,361,True
438,685.00275,360,True
439,582.86945,358,True
440,605.8963,356,True
441,621.8703,354,True
442,419.26132,354,True
443,104.941444,352,True
444,406.94138,350,True
445,128.67773,344,True
446,409.13412,333,True
447,408.9825,332,True
448,402.01703,331,True
449,529.97205,330,True
450,686.42316,328,True
451,423.9777,328,True
452,406.13177,324,True
453,605.5415,320,True
454,545.0713,315,True
455,485.04785,313,True
456,133.0499,313,True
457,402.9528,312,True
458,704.5224,309,True
459,529.07434,301,True
460,174.12094,299,True
461,553.5097,298,True
462,356.76993,296,True
463,405.06335,289,True
464,536.2937,288,True
465,656.3593,284,True
466,428.0324,284,True
467,367.02054,283,True
468,534.2875,282,True
469,393.06024,282,True
470,678.47064,280,True
471,603.5257,279,True
472,565.1871,278,True
473,408.98096,278,True
474,623.503,277,True
475,238.16351,277,True
476,494.06116,276,True
477,518.49335,274,True
478,399.97592,274,True
479,405.9847,273,True
480,326.2735,271,True
481,302.9455,269,True
482,569.939,268,True
483,487.96167,268,True
484,438.0301,265,True
485,308.5939,265,True
486,385.26996,262,True
487,400.33826,257,True
488,353.77423,256,True
489,289.76862,254,True
490,122.32111,248,True
491,520.3393,243,True
492,735.57294,242,True
493,481.01666,242,True
494,283.97186,242,True
495,353.26996,239,True
496,586.03235,238,True
497,448.19458,238,True
498,205.02884,235,True
499,407.95764,234,True
500,503.19583,233,True
501,371.04938,233,True
502,422.05615,232,True
503,409.05164,231,True
504,399.1407,231,True
505,313.1911,230,True
506,437.02676,229,True
507,408.99194,228,True
508,368.02875,228,True
509,178.35933,228,True
510,104.940384,228,True
511,503.98096,227,True
512,136.00417,227,True
513,562.31805,221,True
514,183.65572,221,True
515,400.3473,220,True
516,367.2341,220,True
517,444.2849,219,True
518,410.01218,218,True
519,224.60776,217,True
520,589.3097,216,True
521,456.11227,216,True
522,403.03818,216,True
523,155.3326,214,True
524,244.83565,212,True
525,243.87645,212,True
526,668.027,211,True
527,550.3294,211,True
528,523.3589,211,True
529,607.8821,210,True
530,502.9861,209,True
531,420.88617,207,True
532,505.96387,204,True
533,487.2791,202,True
534,705.5818,199,True
535,443.92703,198,True
536,240.46321,197,True
537,192.5096,195,True
538,142.69626,195,True
539,205.03366,188,True
540,543.9023,187,True
541,184.67767,185,True
542,288.76443,182,True
543,204.5348,182,True
544,557.06903,180,True
545,526.37726,180,True
546,262.97006,178,True
547,426.35757,177,True
548,398.025,176,True
549,353.28784,175,True
550,575.503,174,True
551,496.33414,174,True
552,199.98718,174,True
553,261.17773,173,True
554,672.4204,172,True
555,505.94644,172,True
556,406.9371,172,True
557,607.8951,171,True
558,243.86836,171,True
559,551.96643,170,True
560,366.30927,170,True
561,465.99982,165,True
562,551.4956,163,True
563,565.0267,161,True
564,240.46457,161,True
565,128.67653,161,True
566,521.9413,159,True
567,495.26785,159,True
568,579.8604,158,True
569,529.0684,156,True
570,243.99055,154,True
571,630.3433,153,True
572,560.0193,150,True
573,623.8682,149,True
574,623.493,148,True
575,602.2043,147,True
576,467.2248,147,True
577,434.9876,147,True
578,405.93365,147,True
579,666.48346,146,True
580,237.15146,146,True
581,183.89783,145,True
582,585.2233,140,True
583,496.466,140,True
584,443.9687,138,True
585,456.10056,136,True
586,705.9817,135,True
587,448.31863,135,True
588,550.54706,134,True
589,589.9102,133,True
590,302.9496,132,True
591,407.9424,131,True
592,382.9566,131,True
593,376.13913,130,True
594,119.58348,129,True
595,645.48517,128,True
596,384.9855,128,True
597,408.00412,127,True
598,370.05222,127,True
599,603.5351,126,True
600,466.01358,125,True
601,455.02255,125,True
602,411.0708,124,True
603,308.59592,124,True
604,384.97684,123,True
605,686.4154,121,True
606,628.53827,120,True
607,214.01756,119,True
608,361.74832,118,True
609,504.94562,117,True
610,630.5532,116,True
611,387.01004,116,True
612,726.51276,115,True
613,592.2432,115,True
614,559.9604,114,True
615,526.32916,114,True
616,454.87097,114,True
617,542.32166,113,True
618,489.98987,113,True
619,205.39555,113,True
620,479.32712,112,True
621,367.32083,112,True
622,204.00887,112,True
623,580.5383,111,True
624,632.3558,109,True
625,353.77216,109,True
626,361.7689,108,True
627,159.44397,106,True
628,630.6186,104,True
629,146.92334,104,True
630,521.5119,103,True
631,562.0139,101,True
632,372.31497,101,True
633,349.24637,101,True
634,233.00049,101,True
635,402.94974,100,True
636,102.26558,99,True
637,394.0575,98,True
638,267.1519,97,True
639,355.74664,96,True
640,370.3031,95,True
641,734.11536,94,True
642,561.9961,92,True
643,527.29584,92,True
644,481.209,92,True
645,404.05032,92,True
646,119.58452,92,True
647,545.9591,91,True
648,482.92557,91,True
649,430.85822,91,True
650,400.95087,91,True
651,468.25644,90,True
652,224.523,90,True
653,133.04951,90,True
654,721.55774,89,True
655,430.04102,89,True
656,184.67847,87,True
657,657.3528,86,True
658,436.01462,86,True
659,406.95926,84,True
660,448.1993,83,True
661,118.912994,83,True
662,142.6813,82,True
663,136.68814,82,True
664,551.38995,81,True
665,313.03186,81,True
666,237.1504,81,True
667,183.89377,81,True
668,512.2733,80,True
669,263.54037,80,True
670,244.88744,80,True
671,232.51334,80,True
672,204.52763,80,True
673,122.4272,80,True
674,678.5063,79,True
675,568.9443,79,True
676,542.95746,78,True
677,464.1943,77,True
678,475.222,76,True
679,262.9683,75,True
680,713.82043,74,True
681,478.4411,74,True
682,308.0929,74,True
683,560.94244,73,True
684,506.95004,73,True
685,482.32416,72,True
686,290.0164,72,True
687,703.9566,71,True
688,511.07562,71,True
689,486.1021,71,True
690,678.08405,70,True
691,122.98829,70,True
692,713.4511,69,True
693,482.3602,69,True
694,450.051,69,True
695,239.17242,69,True
696,233.52515,69,True
697,645.97253,68,True
698,602.5867,68,True
699,545.3197,68,True
700,501.0429,67,True
701,405.97156,66,True
702,275.76004,65,True
703,175.69267,65,True
704,174.1203,65,True
705,589.03754,64,True
706,243.98763,64,True
707,577.349,63,True
708,521.45636,63,True
709,428.11844,63,True
710,400.14386,63,True
711,273.0395,63,True
712,199.98624,63,True
713,526.98346,62,True
714,449.20258,62,True
715,577.3693,61,True
716,463.9633,61,True
717,263.53534,61,True
718,620.5976,60,True
719,580.5289,60,True
720,545.3427,60,True
721,467.0532,60,True
722,661.9468,59,True
723,388.02444,59,True
724,204.52214,59,True
725,530.36066,58,True
726,405.05795,58,True
727,365.01813,58,True
728,353.30365,58,True
729,423.9566,57,True
730,367.81903,57,True
731,237.83817,57,True
732,201.01218,57,True
733,565.2515,56,True
734,480.9211,56,True
735,439.98343,55,True
736,549.0521,54,True
737,502.29288,54,True
738,465.20197,53,True
739,734.56976,52,True
740,667.48584,52,True
741,664.1157,52,True
742,351.79626,52,True
743,487.98236,51,True
744,372.31073,51,True
745,367.32782,51,True
746,734.31525,50,True
747,578.3812,49,True
748,232.47566,49,True
749,451.06354,48,True
750,441.9813,48,True
751,183.63277,48,True
752,146.90976,48,True
753,704.5783,47,True
754,437.03302,47,True
755,147.11842,47,True
756,122.434586,47,True
757,394.126,46,True
758,567.0247,45,True
759,449.28973,45,True
760,136.35596,45,True
761,585.93,44,True
762,122.6568,44,True
763,701.93854,43,True
764,525.93933,42,True
765,428.37326,42,True
766,382.10654,42,True
767,689.3988,41,True
768,428.3793,41,True
769,124.08609,41,True
770,672.40027,40,True
771,604.0237,40,True
772,544.96814,40,True
773,518.30035,40,True
774,513.27747,40,True
775,448.34836,40,True
776,136.35086,40,True
777,452.0341,39,True
778,448.04,39,True
779,149.73799,39,True
780,720.58997,38,True
781,614.2254,37,True
782,426.36353,37,True
783,716.42645,36,True
784,704.0881,36,True
785,464.9542,36,True
786,243.99182,36,True
787,689.071,35,True
788,631.56555,35,True
789,526.31354,35,True
790,679.94434,34,True
791,627.8788,34,True
792,602.1608,34,True
793,438.89694,34,True
794,394.13113,34,True
795,383.07162,34,True
796,367.09644,34,True
797,311.75848,34,True
798,236.82835,34,True
799,684.4558,33,True
800,615.185,33,True
801,484.0938,33,True
802,401.19287,33,True
803,178.61858,33,True
804,687.4355,32,True
805,585.0634,32,True
806,575.33826,32,True
807,709.4769,31,True
808,688.11383,31,True
809,650.87933,30,True
810,601.50964,30,True
811,489.11456,30,True
812,471.98785,30,True
813,382.9442,30,True
814,367.34427,30,True
815,233.52386,30,True
816,155.0095,30,True
817,622.4445,29,True
818,469.3118,29,True
819,405.9209,29,True
820,335.173,29,True
821,234.533,29,True
822,182.90598,29,True
823,128.42639,29,True
824,692.4983,28,True
825,644.3683,28,True
826,617.34045,28,True
827,601.99493,28,True
828,560.3581,28,True
829,485.94522,28,True
830,430.18433,28,True
831,401.19705,28,True
832,211.46638,28,True
833,136.6869,28,True
834,733.0379,27,True
835,644.0965,27,True
836,605.8843,27,True
837,545.1592,27,True
838,527.0701,27,True
839,524.058,27,True
840,488.97144,27,True
841,486.9828,27,True
842,404.92245,27,True
843,400.95465,27,True
844,392.9084,27,True
845,367.36044,27,True
846,251.97685,27,True
847,532.2995,26,True
848,524.0664,26,True
849,512.1816,26,True
850,503.24396,26,True
851,486.92938,26,True
852,467.99054,26,True
853,419.25555,26,True
854,386.2816,26,True
855,245.18706,26,True
856,190.53288,26,True
857,183.9828,26,True
858,102.26465,26,True
859,725.55634,25,True
860,639.16644,25,True
861,606.9001,25,True
862,480.30844,25,True
863,393.0421,25,True
864,368.01443,25,True
865,230.9459,25,True
866,721.4771,24,True
867,619.19055,24,True
868,619.03937,24,True
869,604.0331,24,True
870,487.16266,24,True
871,378.07144,24,True
872,280.15854,24,True
873,205.39465,24,True
874,168.11803,24,True
875,124.08721,24,True
876,606.37665,23,True
877,600.9734,23,True
878,408.9523,23,True
879,383.07608,23,True
880,376.1285,23,True
881,244.18942,23,True
882,184.67607,23,True
883,562.32697,22,True
884,482.4203,22,True
885,404.91745,22,True
886,379.0449,22,True
887,235.5237,22,True
888,184.47928,22,True
889,666.4334,21,True
890,664.44714,21,True
891,638.9939,21,True
892,624.02264,21,True
893,586.4962,21,True
894,586.3477,21,True
895,582.0222,21,True
896,568.5062,21,True
897,522.0628,21,True
898,517.3173,21,True
899,501.0341,21,True
900,489.12918,21,True
901,241.1709,21,True
902,185.02881,21,True
903,585.2788,20,True
904,582.02856,20,True
905,557.16376,20,True
906,484.08612,20,True
907,409.23865,20,True
908,390.98,20,True
909,273.0624,20,True
910,185.02802,20,True
911,183.83736,20,True
912,651.4426,19,True
913,568.9298,19,True
914,508.36734,19,True
915,493.9827,19,True
916,478.4438,19,True
917,452.02307,19,True
918,424.34213,19,False
919,411.0474,19,False
920,401.34558,19,False
921,400.1476,19,False
922,177.62523,19,False
923,501.96976,18,False
924,498.99133,18,False
925,496.19885,18,False
926,485.938,18,False
927,469.9641,18,False
928,441.24384,18,False
929,424.93213,18,False
930,398.03763,18,False
931,391.04498,18,False
932,368.89777,18,False
933,232.47452,18,False
934,224.17343,18,False
935,190.53204,18,False
936,118.90878,18,False
937,710.722,17,False
938,590.92566,17,False
939,560.96826,17,False
940,454.85785,17,False
941,451.21783,17,False
942,409.24417,17,False
943,399.18146,17,False
944,201.01123,17,False
945,178.61484,17,False
946,147.11603,17,False
947,701.92694,16,False
948,639.98444,16,False
949,543.9863,16,False
950,498.34637,16,False
951,489.95944,16,False
952,482.99072,16,False
953,394.0637,16,False
954,389.30478,16,False
955,291.9639,16,False
956,272.54083,16,False
957,234.52617,16,False
958,228.05536,16,False
959,224.60881,16,False
960,211.99028,16,False
961,192.50699,16,False
962,176.63869,16,False
963,136.52086,16,False
964,713.68414,15,False
965,708.5448,15,False
966,703.94385,15,False
967,549.314,15,False
968,516.3055,15,False
969,421.03177,15,False
970,401.96622,15,False
971,388.04178,15,False
972,387.28937,15,False
973,569.9444,14,False
974,543.12915,14,False
975,528.51385,14,False
976,526.9339,14,False
977,488.00696,14,False
978,441.23743,14,False
979,428.2695,14,False
980,427.94385,14,False
981,394.0615,14,False
982,308.09537,14,False
983,244.19754,14,False
984,243.99307,14,False
985,189.31573,14,False
986,714.4549,13,False
987,593.3485,13,False
988,488.9776,13,False
989,447.19113,13,False
990,378.07983,13,False
991,367.76157,13,False
992,341.22842,13,False
993,241.16272,13,False
994,725.45135,12,False
995,712.4394,12,False
996,702.07153,12,False
997,654.5442,12,False
998,613.3261,12,False
999,590.00745,12,False
1000,562.0221,12,False
1001,560.98157,12,False
1002,551.9543,12,False
1003,527.0793,12,False
1004,409.00528,12,False
1005,398.0142,12,False
1006,369.01788,12,False
1007,367.21985,12,False
1008,364.9459,12,False
1009,237.80325,12,False
1010,232.50954,12,False
1011,192.64078,12,False
1012,128.4253,12,False
1013,735.0298,11,False
1014,731.6066,11,False
1015,649.1052,11,False
1016,579.3849,11,False
1017,549.2779,11,False
1018,528.3428,11,False
1019,508.37582,11,False
1020,469.04364,11,False
1021,444.9052,11,False
1022,426.05826,11,False
1023,421.05298,11,False
1024,396.31073,11,False
1025,393.05807,11,False
1026,388.04672,11,False
1027,335.0138,11,False
1028,311.7562,11,False
1029,253.18303,11,False
1030,238.1486,11,False
1031,224.17448,11,False
1032,183.65936,11,False
1033,704.07294,10,False
1034,635.4475,10,False
1035,602.343,10,False
1036,547.9744,10,False
1037,505.17374,10,False
1038,422.03525,10,False
1039,388.9437,10,False
1040,387.2802,10,False
1041,386.277,10,False
1042,369.02206,10,False
1043,272.53906,10,False
1044,270.95535,10,False
1045,239.66823,10,False
1046,217.18233,10,False
1047,178.37389,10,False
1048,729.5233,9,False
1049,581.95465,9,False
1050,567.9924,9,False
1051,557.0479,9,False
1052,496.46887,9,False
1053,468.02344,9,False
1054,466.0253,9,False
1055,426.98355,9,False
1056,426.35373,9,False
1057,408.87067,9,False
1058,406.13565,9,False
1059,404.04572,9,False
1060,400.07886,9,False
1061,392.09296,9,False
1062,248.67123,9,False
1063,232.99539,9,False
1064,212.99213,9,False
1065,193.01335,9,False
1066,192.8443,9,False
1067,175.6921,9,False
1068,136.69002,9,False
1069,136.51955,9,False
1070,713.07495,8,False
1071,622.40814,8,False
1072,605.6061,8,False
1073,560.93506,8,False
1074,519.94305,8,False
1075,497.98755,8,False
1076,468.22095,8,False
1077,432.8561,8,False
1078,400.18933,8,False
1079,400.10065,8,False
1080,387.01495,8,False
1081,385.00604,8,False
1082,366.26486,8,False
1083,356.78607,8,False
1084,356.68332,8,False
1085,351.7791,8,False
1086,351.14676,8,False
1087,310.99542,8,False
1088,308.5919,8,False
1089,308.08823,8,False
1090,290.01224,8,False
1091,273.01483,8,False
1092,242.0452,8,False
1093,192.84526,8,False
1094,720.5534,7,False
1095,657.3629,7,False
1096,651.1688,7,False
1097,643.8405,7,False
1098,582.2592,7,False
1099,573.9485,7,False
1100,546.04865,7,False
1101,541.925,7,False
1102,535.29913,7,False
1103,503.25348,7,False
1104,444.92148,7,False
1105,439.97705,7,False
1106,422.06073,7,False
1107,412.06277,7,False
1108,392.0724,7,False
1109,325.78372,7,False
1110,302.94333,7,False
1111,211.46428,7,False
1112,205.5317,7,False
1113,193.14005,7,False
1114,104.94248,7,False
1115,733.0543,6,False
1116,731.5413,6,False
1117,646.09894,6,False
1118,632.42804,6,False
1119,616.9373,6,False
1120,606.29553,6,False
1121,601.0378,6,False
1122,585.9131,6,False
1123,582.29584,6,False
1124,548.5403,6,False
1125,521.168,6,False
1126,496.20578,6,False
1127,487.9952,6,False
1128,448.01456,6,False
1129,437.02228,6,False
1130,428.12402,6,False
1131,426.05356,6,False
1132,424.9262,6,False
1133,421.212,6,False
1134,376.05515,6,False
1135,312.76093,6,False
1136,244.182,6,False
1137,225.10785,6,False
1138,224.60396,6,False
1139,205.7293,6,False
1140,193.13927,6,False
1141,174.79309,6,False
1142,165.784,6,False
1143,154.04688,6,False
1144,149.73651,6,False
1145,149.684,6,False
1146,142.89502,6,False
1147,142.10138,6,False
1148,127.02196,6,False
1149,733.0593,5,False
1150,729.5908,5,False
1151,713.4989,5,False
1152,696.5208,5,False
1153,603.06177,5,False
1154,599.9274,5,False
1155,587.5396,5,False
1156,542.0684,5,False
1157,530.9879,5,False
1158,530.5297,5,False
1159,527.9342,5,False
1160,503.94818,5,False
1161,498.03064,5,False
1162,485.13788,5,False
1163,481.19705,5,False
1164,438.8915,5,False
1165,424.06842,5,False
1166,409.98532,5,False
1167,399.9279,5,False
1168,394.0502,5,False
1169,388.1213,5,False
1170,377.94232,5,False
1171,377.06326,5,False
1172,368.89392,5,False
1173,367.08127,5,False
1174,348.0108,5,False
1175,309.09473,5,False
1176,232.60373,5,False
1177,217.179,5,False
1178,205.3997,5,False
1179,204.00476,5,False
1180,183.98764,5,False
1181,182.90189,5,False
1182,181.69363,5,False
1183,122.43596,5,False
1184,724.4965,4,False
1185,681.9742,4,False
1186,670.3119,4,False
1187,664.0567,4,False
1188,644.35956,4,False
1189,619.9952,4,False
1190,598.0343,4,False
1191,593.4006,4,False
1192,583.98395,4,False
1193,572.3709,4,False
1194,558.3181,4,False
1195,546.9621,4,False
1196,543.07166,4,False
1197,542.9284,4,False
1198,529.05334,4,False
1199,529.02045,4,False
1200,518.2644,4,False
1201,509.0598,4,False
1202,505.16476,4,False
1203,504.98395,4,False
1204,503.15778,4,False
1205,498.15002,4,False
1206,497.29062,4,False
1207,486.90765,4,False
1208,474.27505,4,False
1209,464.33698,4,False
1210,443.90207,4,False
1211,441.97485,4,False
1212,426.9643,4,False
1213,425.96964,4,False
1214,420.91238,4,False
1215,415.22174,4,False
1216,410.13058,4,False
1217,409.33734,4,False
1218,395.31564,4,False
1219,392.03885,4,False
1220,388.9483,4,False
1221,388.0135,4,False
1222,370.95795,4,False
1223,368.908,4,False
1224,366.82114,4,False
1225,350.98764,4,False
1226,310.93915,4,False
1227,303.28018,4,False
1228,301.00397,4,False
1229,244.82875,4,False
1230,243.50415,4,False
1231,239.1614,4,False
1232,230.96094,4,False
1233,204.51968,4,False
1234,122.65613,4,False
1235,102.26631,4,False
1236,733.69684,3,False
1237,726.3951,3,False
1238,709.419,3,False
1239,699.5343,3,False
1240,682.0517,3,False
1241,661.8244,3,False
1242,631.6217,3,False
1243,623.88556,3,False
1244,621.48566,3,False
1245,619.0484,3,False
1246,613.31726,3,False
1247,606.236,3,False
1248,603.2334,3,False
1249,603.0097,3,False
1250,600.9344,3,False
1251,598.84296,3,False
1252,584.0168,3,False
1253,570.9289,3,False
1254,552.29706,3,False
1255,542.07733,3,False
1256,529.9318,3,False
1257,522.0423,3,False
1258,521.2063,3,False
1259,513.2861,3,False
1260,511.15778,3,False
1261,498.20242,3,False
1262,489.19937,3,False
1263,486.05942,3,False
1264,478.44485,3,False
1265,478.2166,3,False
1266,472.00775,3,False
1267,469.04984,3,False
1268,451.36124,3,False
1269,450.35785,3,False
1270,446.92795,3,False
1271,444.8973,3,False
1272,444.03162,3,False
1273,430.8495,3,False
1274,429.37662,3,False
1275,428.0694,3,False
1276,427.06573,3,False
1277,424.9792,3,False
1278,422.3239,3,False
1279,420.25885,3,False
1280,419.0374,3,False
1281,407.98264,3,False
1282,403.95303,3,False
1283,401.97455,3,False
1284,399.07114,3,False
1285,397.0594,3,False
1286,393.03705,3,False
1287,393.03268,3,False
1288,389.30978,3,False
1289,369.10806,3,False
1290,366.17703,3,False
1291,312.2573,3,False
1292,308.08398,3,False
1293,302.77542,3,False
1294,280.15686,3,False
1295,275.17603,3,False
1296,267.148,3,False
1297,251.9858,3,False
1298,242.04382,3,False
1299,237.84468,3,False
1300,228.0567,3,False
1301,224.10043,3,False
1302,203.47746,3,False
1303,192.64,3,False
1304,183.1402,3,False
1305,178.10143,3,False
1306,162.88641,3,False
1307,140.97789,3,False
1308,136.6738,3,False
1309,136.34976,3,False
1310,122.9873,3,False
1311,122.65722,3,False
1312,122.59849,3,False
1313,112.2635,3,False
1314,736.5763,2,False
1315,734.4811,2,False
1316,734.10266,2,False
1317,732.0303,2,False
1318,731.95233,2,False
1319,710.4885,2,False
1320,710.10956,2,False
1321,708.4729,2,False
1322,704.3896,2,False
1323,694.51447,2,False
1324,679.4737,2,False
1325,679.32526,2,False
1326,670.3847,2,False
1327,659.84717,2,False
1328,659.8267,2,False
1329,654.8934,2,False
1330,650.52155,2,False
1331,650.4391,2,False
1332,636.54315,2,False
1333,635.22675,2,False
1334,632.33234,2,False
1335,631.3568,2,False
1336,621.8912,2,False
1337,620.4286,2,False
1338,619.1995,2,False
1339,584.25146,2,False
1340,583.9952,2,False
1341,573.04297,2,False
1342,566.9885,2,False
1343,566.25525,2,False
1344,564.26855,2,False
1345,563.88617,2,False
1346,547.0864,2,False
1347,544.9054,2,False
1348,535.2702,2,False
1349,523.04535,2,False
1350,521.3192,2,False
1351,519.3036,2,False
1352,509.0063,2,False
1353,508.00302,2,False
1354,502.38882,2,False
1355,498.14594,2,False
1356,498.05798,2,False
1357,494.32428,2,False
1358,485.26385,2,False
1359,482.06274,2,False
1360,478.21124,2,False
1361,478.20587,2,False
1362,472.2594,2,False
1363,469.2689,2,False
1364,465.04303,2,False
1365,458.98785,2,False
1366,451.2298,2,False
1367,449.13437,2,False
1368,447.155,2,False
1369,444.90985,2,False
1370,427.06146,2,False
1371,426.99127,2,False
1372,424.972,2,False
1373,418.92368,2,False
1374,410.13452,2,False
1375,409.9885,2,False
1376,409.2308,2,False
1377,408.76434,2,False
1378,401.96887,2,False
1379,398.90448,2,False
1380,398.26498,2,False
1381,396.2606,2,False
1382,392.019,2,False
1383,391.06903,2,False
1384,390.98505,2,False
1385,385.00012,2,False
1386,376.9198,2,False
1387,376.07272,2,False
1388,371.35825,2,False
1389,370.8498,2,False
1390,368.96835,2,False
1391,367.1977,2,False
1392,357.74567,2,False
1393,355.76416,2,False
1394,348.7298,2,False
1395,342.78262,2,False
1396,313.76797,2,False
1397,308.086,2,False
1398,303.278,2,False
1399,283.9675,2,False
1400,278.58527,2,False
1401,276.26163,2,False
1402,275.1673,2,False
1403,274.74673,2,False
1404,273.06277,2,False
1405,261.6842,2,False
1406,251.49582,2,False
1407,251.48958,2,False
1408,244.8939,2,False
1409,228.05292,2,False
1410,225.10547,2,False
1411,217.08139,2,False
1412,205.73009,2,False
1413,199.83775,2,False
1414,184.17177,2,False
1415,183.90172,2,False
1416,183.48834,2,False
1417,183.14413,2,False
1418,180.63777,2,False
1419,176.63495,2,False
1420,167.98532,2,False
1421,162.66061,2,False
1422,160.30959,2,False
1423,155.01181,2,False
1424,155.00787,2,False
1425,154.04443,2,False
1426,146.9076,2,False
1427,144.38194,2,False
1428,142.89287,2,False
1429,127.02123,2,False
1430,122.4258,2,False
1431,122.32073,2,False
1432,112.30348,2,False
1433,104.93938,2,False
1434,995.0509,1,False
1435,982.4898,1,False
1436,735.97064,1,False
1437,733.0669,1,False
1438,729.95703,1,False
1439,726.5599,1,False
1440,724.19727,1,False
1441,721.5932,1,False
1442,714.8109,1,False
1443,710.1143,1,False
1444,706.5378,1,False
1445,698.4815,1,False
1446,688.41516,1,False
1447,683.4599,1,False
1448,679.50946,1,False
1449,652.53815,1,False
1450,651.79047,1,False
1451,648.6289,1,False
1452,639.96234,1,False
1453,639.57135,1,False
1454,635.5394,1,False
1455,635.14154,1,False
1456,630.1997,1,False
1457,628.6023,1,False
1458,621.8612,1,False
1459,618.98364,1,False
1460,618.18787,1,False
1461,616.3955,1,False
1462,616.3598,1,False
1463,615.95435,1,False
1464,614.91064,1,False
1465,614.345,1,False
1466,607.41583,1,False
1467,604.6023,1,False
1468,604.5379,1,False
1469,603.16425,1,False
1470,603.0737,1,False
1471,603.0362,1,False
1472,600.9632,1,False
1473,597.9286,1,False
1474,594.4131,1,False
1475,594.37665,1,False
1476,592.15515,1,False
1477,591.0535,1,False
1478,588.3429,1,False
1479,585.04333,1,False
1480,581.5408,1,False
1481,581.02765,1,False
1482,572.52856,1,False
1483,571.2795,1,False
1484,570.52216,1,False
1485,569.34344,1,False
1486,568.02185,1,False
1487,565.2725,1,False
1488,561.31494,1,False
1489,560.0789,1,False
1490,559.94714,1,False
1491,559.17474,1,False
1492,558.94366,1,False
1493,558.038,1,False
1494,557.0348,1,False
1495,553.30914,1,False
1496,548.29535,1,False
1497,544.0238,1,False
1498,543.91754,1,False
1499,540.27765,1,False
1500,536.07776,1,False
1501,533.0781,1,False
1502,532.2802,1,False
1503,531.96985,1,False
1504,531.2965,1,False
1505,529.3169,1,False
1506,527.946,1,False
1507,526.2927,1,False
1508,522.51544,1,False
1509,520.9469,1,False
1510,518.9727,1,False
1511,518.2833,1,False
1512,516.2848,1,False
1513,514.28925,1,False
1514,511.27005,1,False
1515,509.9775,1,False
1516,506.16766,1,False
1517,502.49786,1,False
1518,502.0372,1,False
1519,501.31412,1,False
1520,499.15796,1,False
1521,499.1533,1,False
1522,498.1867,1,False
1523,496.1867,1,False
1524,495.14697,1,False
1525,491.40958,1,False
1526,489.19543,1,False
1527,489.00174,1,False
1528,487.11365,1,False
1529,487.0034,1,False
1530,486.1454,1,False
1531,485.06882,1,False
1532,484.06467,1,False
1533,484.03552,1,False
1534,482.01532,1,False
1535,476.99857,1,False
1536,476.3133,1,False
1537,476.26163,1,False
1538,475.1499,1,False
1539,474.98306,1,False
1540,472.28296,1,False
1541,471.0298,1,False
1542,470.2432,1,False
1543,469.11078,1,False
1544,469.03436,1,False
1545,467.25296,1,False
1546,465.20908,1,False
1547,464.3137,1,False
1548,461.2703,1,False
1549,461.134,1,False
1550,457.05322,1,False
1551,451.20636,1,False
1552,450.01868,1,False
1553,448.97345,1,False
1554,448.94128,1,False
1555,446.9392,1,False
1556,446.28003,1,False
1557,444.9698,1,False
1558,442.96515,1,False
1559,442.9237,1,False
1560,442.24097,1,False
1561,441.07938,1,False
1562,439.02493,1,False
1563,437.20706,1,False
1564,436.05746,1,False
1565,429.1919,1,False
1566,427.95288,1,False
1567,427.0773,1,False
1568,426.94974,1,False
1569,425.2027,1,False
1570,425.0504,1,False
1571,424.0718,1,False
1572,423.90808,1,False
1573,421.05838,1,False
1574,420.0405,1,False
1575,419.92664,1,False
1576,419.244,1,False
1577,419.0164,1,False
1578,415.21286,1,False
1579,414.87564,1,False
1580,413.28714,1,False
1581,410.1298,1,False
1582,410.127,1,False
1583,409.34402,1,False
1584,408.7628,1,False
1585,407.9377,1,False
1586,407.0448,1,False
1587,406.10275,1,False
1588,405.0537,1,False
1589,401.3505,1,False
1590,400.28445,1,False
1591,400.19385,1,False
1592,400.11566,1,False
1593,399.1317,1,False
1594,398.32642,1,False
1595,398.0633,1,False
1596,398.01642,1,False
1597,396.31885,1,False
1598,394.21243,1,False
1599,392.958,1,False
1600,392.02478,1,False
1601,391.98364,1,False
1602,391.21268,1,False
1603,391.04245,1,False
1604,389.95975,1,False
1605,389.26852,1,False
1606,389.1931,1,False
1607,389.12488,1,False
1608,388.93945,1,False
1609,388.16516,1,False
1610,388.16376,1,False
1611,388.05026,1,False
1612,387.1602,1,False
1613,387.02936,1,False
1614,387.0065,1,False
1615,385.34207,1,False
1616,383.15604,1,False
1617,381.03687,1,False
1618,380.0525,1,False
1619,379.02127,1,False
1620,379.00677,1,False
1621,378.95923,1,False
1622,377.111,1,False
1623,377.10196,1,False
1624,372.06784,1,False
1625,371.96164,1,False
1626,370.96408,1,False
1627,370.19562,1,False
1628,369.30002,1,False
1629,368.19287,1,False
1630,367.1803,1,False
1631,367.17712,1,False
1632,367.1727,1,False
1633,367.10086,1,False
1634,365.98642,1,False
1635,357.25818,1,False
1636,343.21588,1,False
1637,316.6838,1,False
1638,313.77536,1,False
1639,313.26224,1,False
1640,312.76297,1,False
1641,308.10962,1,False
1642,307.5538,1,False
1643,302.95154,1,False
1644,302.78403,1,False
1645,302.77325,1,False
1646,301.7681,1,False
1647,300.763,1,False
1648,299.75024,1,False
1649,289.69336,1,False
1650,285.26385,1,False
1651,283.97357,1,False
1652,278.5871,1,False
1653,273.06418,1,False
1654,273.01324,1,False
1655,263.59436,1,False
1656,263.15378,1,False
1657,261.6826,1,False
1658,261.1763,1,False
1659,255.55063,1,False
1660,253.68068,1,False
1661,250.09375,1,False
1662,246.02568,1,False
1663,244.82312,1,False
1664,243.5029,1,False
1665,239.66687,1,False
1666,236.84283,1,False
1667,232.94406,1,False
1668,231.50912,1,False
1669,230.93214,1,False
1670,225.10916,1,False
1671,206.06593,1,False
1672,205.73138,1,False
1673,205.53606,1,False
1674,205.53061,1,False
1675,205.02686,1,False
1676,204.53874,1,False
1677,201.93407,1,False
1678,200.17294,1,False
1679,198.64787,1,False
1680,194.23146,1,False
1681,193.50682,1,False
1682,193.34454,1,False
1683,192.6392,1,False
1684,185.72443,1,False
1685,185.722,1,False
1686,184.50963,1,False
1687,184.0738,1,False
1688,183.66292,1,False
1689,183.6292,1,False
1690,182.84961,1,False
1691,181.69139,1,False
1692,180.69232,1,False
1693,178.61102,1,False
1694,177.62137,1,False
1695,175.73042,1,False
1696,175.7226,1,False
1697,174.79102,1,False
1698,174.37286,1,False
1699,168.78955,1,False
1700,168.11902,1,False
1701,167.75024,1,False
1702,167.66179,1,False
1703,165.78258,1,False
1704,161.36438,1,False
1705,160.4444,1,False
1706,160.44307,1,False
1707,160.4427,1,False
1708,155.33481,1,False
1709,152.03717,1,False
1710,149.686,1,False
1711,147.62042,1,False
1712,147.6077,1,False
1713,147.60748,1,False
1714,146.32639,1,False
1715,144.38342,1,False
1716,142.6876,1,False
1717,141.93024,1,False
1718,136.6792,1,False
1719,136.0059,1,False
1720,132.20804,1,False
1721,131.79256,1,False
1722,131.09464,1,False
1723,130.86298,1,False
1724,128.19827,1,False
1725,127.25548,1,False
1726,127.24784,1,False
1727,127.02237,1,False
1728,126.833336,1,False
1729,124.088295,1,False
1730,123.23907,1,False
1731,123.01858,1,False
1732,123.01205,1,False
1733,122.655846,1,False
1734,122.600006,1,False
1735,119.23985,1,False
1736,119.05053,1,False
1737,119.039024,1,False
1738,119.03869,1,False
1739,118.996864,1,False
1740,117.5702,1,False
1741,117.43179,1,False
1742,115.473755,1,False
1743,115.31879,1,False
1744,112.26329,1,False
1745,102.51586,1,False
1746,102.26703,1,False
